id,Predicted_audienceScore,audienceScore,Predicted_tomatoMeter,tomatoMeter
1,93,92,65,64
2,73,71,90,90
3,66,67,88,90
4,18,20,100,100
5,47,46,61,65
6,77,79,80,85
7,46,46,54,54
8,74,74,66,67
9,84,78,88,84
10,59,60,84,86
11,51,54,80,82
12,26,23,58,55
13,42,41,70,67
14,91,90,102,100
15,48,49,90,90
16,41,34,56,54
17,46,46,94,94
18,75,76,79,83
19,68,78,72,72
20,78,77,70,71
21,43,41,75,78
22,25,26,60,60
23,47,45,27,24
24,68,69,67,71
25,67,71,72,79
26,76,74,65,60
27,84,84,84,82
28,82,82,88,87
29,81,80,24,25
30,84,84,64,64
31,98,97,102,100
32,66,69,38,37
33,58,57,48,43
34,73,75,29,29
35,73,72,98,90
36,49,49,50,50
37,79,82,82,82
38,25,22,21,16
39,56,67,71,78
40,68,69,77,75
41,59,42,44,14
42,59,66,61,72
43,25,39,29,51
44,76,75,48,48
45,59,79,47,59
46,81,84,79,86
47,58,55,53,70
48,66,70,74,78
49,68,68,49,50
50,73,72,47,48
51,76,69,83,71
52,63,61,1,0
53,73,79,73,84
54,83,86,99,100
55,89,89,78,78
56,55,65,76,91
57,53,54,62,62
58,73,86,65,93
59,47,42,99,100
60,76,75,93,91
61,87,82,87,82
62,55,88,59,82
63,79,78,100,100
64,52,42,16,14
65,93,94,95,97
66,53,57,72,74
67,74,73,57,57
68,72,72,82,79
69,53,50,39,33
70,71,62,59,35
71,53,53,28,29
72,51,52,70,71
73,56,58,70,82
74,33,30,14,9
75,31,31,84,83
76,56,56,101,100
77,73,73,90,89
78,18,20,59,60
79,79,77,90,89
80,68,74,85,91
81,71,51,65,33
82,82,83,79,82
83,86,86,102,100
84,44,37,37,31
85,75,75,100,100
86,97,97,87,87
87,76,79,83,86
88,61,39,88,67
89,73,74,17,13
90,50,64,54,36
91,37,55,6,10
92,71,72,74,76
93,76,90,66,81
94,45,44,64,66
95,70,76,56,51
96,63,64,89,90
97,91,95,13,11
98,38,39,19,20
99,57,57,61,65
100,59,61,36,41
101,57,66,28,38
102,86,70,84,85
103,34,34,41,41
104,90,90,79,76
105,50,50,28,28
106,67,64,76,93
107,33,8,54,50
108,88,90,33,29
109,34,35,31,32
110,39,49,30,67
111,67,67,90,89
112,55,57,74,47
113,66,73,47,74
114,67,65,73,71
115,69,78,25,48
116,67,50,52,32
117,91,91,97,97
118,37,37,15,13
119,78,78,28,25
120,72,76,96,97
121,35,37,51,53
122,71,73,78,85
123,67,93,24,26
124,81,81,78,78
125,69,70,80,80
126,47,47,28,27
127,52,43,44,27
128,37,36,29,25
129,49,50,9,11
130,71,69,84,83
131,32,31,65,67
132,33,34,68,67
133,53,50,15,13
134,79,79,75,75
135,87,86,52,52
136,63,62,9,9
137,77,78,68,69
138,43,45,60,61
139,69,69,73,74
140,81,81,67,67
141,66,66,87,91
142,29,27,66,63
143,79,79,89,89
144,87,83,95,90
145,77,78,53,52
146,60,60,101,100
147,57,56,64,56
148,57,56,51,51
149,82,82,100,100
150,84,89,94,100
151,72,72,89,92
152,73,50,65,17
153,64,64,50,50
154,76,76,76,78
155,64,67,73,75
156,98,93,103,100
157,38,38,12,13
158,66,54,70,92
159,85,85,100,100
160,71,72,71,72
161,48,73,69,88
162,78,79,89,91
163,100,100,80,80
164,55,57,68,73
165,65,75,50,52
166,50,22,74,39
167,14,12,35,31
168,65,74,81,100
169,80,73,92,100
170,35,35,17,17
171,89,90,65,66
172,16,17,80,80
173,42,66,27,58
174,95,94,60,60
175,54,52,70,71
176,80,80,87,87
177,49,50,42,43
178,57,56,48,46
179,76,76,80,81
180,85,83,68,46
181,58,55,53,40
182,54,51,35,29
183,42,43,50,50
184,67,68,66,67
185,65,64,91,93
186,89,100,83,100
187,64,62,78,78
188,65,80,77,53
189,56,36,60,41
190,98,97,41,40
191,58,58,31,31
192,27,28,16,17
193,83,85,93,100
194,66,58,91,91
195,73,78,80,100
196,59,60,42,38
197,87,85,103,100
198,40,33,65,60
199,74,74,82,81
200,28,29,35,36
201,67,68,85,85
202,59,42,35,10
203,33,34,49,50
204,74,75,64,77
205,57,57,24,24
206,88,88,90,90
207,50,51,45,45
208,74,49,91,75
209,31,21,27,40
210,51,47,44,69
211,54,55,95,95
212,75,88,88,89
213,79,77,84,82
214,70,72,91,89
215,85,85,73,73
216,61,60,73,77
217,76,85,77,90
218,89,90,87,89
219,80,81,87,96
220,32,47,74,94
221,83,92,88,84
222,55,55,43,44
223,49,50,2,0
224,67,66,80,89
225,55,53,73,71
226,74,74,50,46
227,77,77,77,74
228,57,44,75,79
229,66,65,68,68
230,65,65,50,50
231,69,69,87,86
232,55,52,28,25
233,81,80,101,100
234,83,84,100,100
235,57,28,56,50
236,77,77,87,87
237,51,38,60,46
238,31,32,70,70
239,27,56,68,67
240,72,73,76,76
241,72,71,64,61
242,90,85,99,100
243,28,28,26,26
244,82,82,94,94
245,26,24,18,16
246,52,52,34,32
247,65,63,57,45
248,8,10,19,20
249,39,48,25,38
250,56,56,68,67
251,80,79,81,82
252,71,72,92,93
253,65,65,100,100
254,52,52,82,82
255,33,33,0,0
256,90,89,82,85
257,84,84,79,81
258,100,100,101,100
259,54,55,75,76
260,75,66,47,51
261,38,37,14,14
262,19,19,8,7
263,55,55,72,70
264,47,46,73,70
265,74,79,73,75
266,36,31,62,58
267,66,67,100,100
268,27,28,11,12
269,82,82,60,60
270,80,80,92,92
271,75,75,49,50
272,78,82,80,81
273,81,93,89,100
274,55,75,58,84
275,83,82,101,100
276,45,45,50,50
277,50,37,16,25
278,85,77,21,22
279,67,71,70,83
280,56,59,18,21
281,89,91,83,100
282,58,58,98,96
283,17,20,14,10
284,50,50,13,14
285,70,69,49,50
286,59,59,81,81
287,55,56,19,20
288,57,48,39,40
289,92,92,88,88
290,89,94,32,34
291,27,17,31,17
292,58,58,56,56
293,81,94,85,93
294,58,59,83,82
295,45,28,59,62
296,10,12,10,8
297,77,81,90,71
298,62,62,74,82
299,81,79,79,78
300,50,53,35,13
301,87,88,95,95
302,87,87,99,98
303,66,64,77,76
304,47,46,56,54
305,77,76,83,82
306,26,22,45,44
307,50,50,60,60
308,42,43,32,33
309,88,88,101,100
310,47,47,46,46
311,74,74,63,63
312,34,36,14,13
313,53,48,41,36
314,48,30,58,21
315,29,21,53,43
316,50,52,66,67
317,62,59,54,57
318,79,68,84,86
319,57,58,66,67
320,91,91,95,91
321,101,100,67,67
322,62,65,24,26
323,69,54,83,74
324,55,54,83,82
325,89,88,71,71
326,69,58,96,85
327,20,22,34,35
328,51,53,25,25
329,57,77,40,72
330,37,38,62,63
331,81,83,75,80
332,83,83,86,83
333,76,86,64,75
334,36,36,60,60
335,69,66,88,87
336,38,43,57,72
337,62,73,84,92
338,64,61,101,100
339,81,78,93,95
340,85,86,84,85
341,40,40,56,57
342,56,57,101,100
343,62,66,42,28
344,48,49,12,14
345,66,90,68,91
346,13,15,17,20
347,46,45,34,33
348,66,81,68,77
349,44,45,-1,0
350,91,93,80,80
351,78,79,88,90
352,62,60,44,43
353,68,66,51,48
354,86,85,81,80
355,72,72,49,49
356,46,42,42,38
357,65,74,67,81
358,81,81,67,67
359,78,78,89,89
360,56,54,16,16
361,61,61,54,57
362,61,53,24,0
363,39,19,38,13
364,7,5,-3,0
365,11,12,20,21
366,25,27,25,27
367,63,67,84,85
368,67,65,86,88
369,93,93,84,82
370,60,61,2,0
371,77,75,76,50
372,60,61,48,50
373,31,31,5,0
374,46,45,47,48
375,89,91,92,95
376,84,98,73,72
377,67,68,90,91
378,68,69,55,56
379,75,78,60,79
380,81,79,82,80
381,51,51,2,3
382,63,62,76,76
383,82,81,86,86
384,37,39,71,71
385,94,95,96,97
386,46,46,43,43
387,76,76,49,50
388,56,56,19,19
389,20,22,56,56
390,63,63,16,12
391,71,75,70,74
392,49,50,101,100
393,57,58,58,63
394,30,25,50,49
395,63,47,44,26
396,32,33,53,56
397,51,51,73,73
398,36,36,-2,0
399,14,16,42,42
400,48,49,0,0
401,67,67,80,78
402,82,82,83,82
403,46,46,82,81
404,46,44,44,46
405,78,77,84,81
406,88,89,91,91
407,83,82,86,86
408,85,82,90,81
409,90,91,41,42
410,63,64,39,40
411,88,86,101,100
412,29,29,62,62
413,69,88,69,93
414,74,91,77,84
415,40,58,38,64
416,45,50,43,35
417,42,44,62,60
418,62,62,58,60
419,60,60,11,8
420,81,83,80,81
421,62,56,70,89
422,90,90,101,100
423,39,39,63,62
424,76,75,90,90
425,83,82,100,100
426,43,43,19,20
427,48,39,42,9
428,64,65,31,33
429,81,81,35,36
430,63,62,97,97
431,41,40,25,27
432,69,66,79,78
433,55,71,48,75
434,95,95,78,77
435,64,40,66,46
436,73,72,71,64
437,87,89,28,22
438,77,77,97,100
439,14,16,16,25
440,83,87,68,75
441,91,92,82,80
442,64,87,59,87
443,67,67,86,86
444,88,88,92,92
445,75,74,79,77
446,58,53,48,50
447,75,80,86,76
448,64,63,85,85
449,82,85,87,93
450,34,28,34,30
451,59,59,-1,0
452,43,41,31,30
453,69,69,81,83
454,70,69,34,34
455,67,67,63,64
456,70,72,61,66
457,69,69,84,84
458,54,74,57,77
459,58,57,40,37
460,20,16,41,43
461,63,41,56,45
462,33,35,49,50
463,23,17,29,40
464,83,83,78,80
465,36,33,28,27
466,66,69,88,90
467,50,14,59,18
468,66,72,45,44
469,78,80,93,94
470,99,100,83,83
471,71,60,78,78
472,90,96,47,80
473,53,50,66,67
474,51,51,83,83
475,88,90,94,90
476,49,49,23,24
477,84,84,86,86
478,62,60,59,61
479,71,71,56,56
480,62,63,31,33
481,63,65,91,95
482,36,33,12,8
483,38,39,10,9
484,9,10,8,11
485,80,83,78,83
486,48,51,94,100
487,61,61,35,35
488,88,87,84,83
489,65,79,84,88
490,77,78,72,73
491,70,83,60,89
492,80,80,73,73
493,65,48,54,52
494,98,95,102,92
495,51,49,49,49
496,45,37,24,19
497,70,80,68,57
498,22,23,50,50
499,9,8,2,0
500,34,30,31,25
501,76,76,8,0
502,50,58,36,37
503,33,29,-3,0
504,86,88,-2,0
505,57,55,14,15
506,48,49,67,67
507,65,65,70,68
508,77,62,89,83
509,13,8,11,9
510,85,85,83,83
511,87,89,68,68
512,33,34,39,40
513,63,84,66,91
514,86,91,82,89
515,85,85,69,69
516,69,67,77,75
517,53,40,39,54
518,73,93,51,74
519,71,72,23,25
520,93,95,90,94
521,70,77,89,85
522,66,64,49,47
523,94,93,95,87
524,66,77,75,76
525,51,52,43,31
526,72,79,76,92
527,55,46,59,47
528,72,77,39,42
529,72,64,68,52
530,72,72,47,47
531,66,64,52,51
532,87,87,98,97
533,58,46,78,68
534,34,35,32,33
535,76,77,90,91
536,40,34,60,58
537,70,69,94,93
538,65,47,67,48
539,91,93,94,97
540,30,30,21,22
541,42,39,74,73
542,74,76,30,28
543,51,42,71,80
544,79,76,94,96
545,81,77,89,83
546,61,61,82,82
547,58,77,48,70
548,79,82,92,85
549,47,41,60,70
550,38,38,50,50
551,82,87,91,95
552,76,77,98,98
553,49,53,67,79
554,38,37,74,75
555,81,82,100,100
556,73,73,88,88
557,84,74,98,89
558,54,50,7,0
559,58,44,81,87
560,47,36,55,47
561,57,57,58,58
562,90,91,93,94
563,28,29,-1,0
564,61,65,58,55
565,62,63,90,92
566,32,27,57,57
567,27,29,20,22
568,29,30,38,39
569,41,35,35,30
570,88,88,99,100
571,61,61,61,60
572,82,84,95,96
573,45,42,72,62
574,51,52,101,100
575,14,10,25,21
576,57,57,75,75
577,55,56,87,89
578,77,78,45,46
579,16,16,16,18
580,24,29,-4,4
581,88,90,90,91
582,85,85,96,92
583,89,88,99,98
584,46,44,26,23
585,50,81,63,77
586,37,37,20,20
587,46,43,55,56
588,86,84,90,85
589,56,52,87,86
590,66,61,62,62
591,42,42,35,15
592,42,42,37,40
593,84,85,80,81
594,57,57,41,42
595,81,79,89,86
596,85,81,84,87
597,83,84,92,92
598,63,63,79,83
599,63,55,55,50
600,76,78,76,82
601,54,62,63,70
602,52,52,25,25
603,81,81,66,67
604,47,53,61,50
605,81,79,99,100
606,54,56,14,10
607,38,35,33,27
608,51,63,79,85
609,74,74,53,53
610,79,85,54,75
611,84,84,96,98
612,34,24,66,57
613,84,84,14,17
614,43,44,52,53
615,92,91,87,87
616,81,69,83,88
617,78,78,95,94
618,82,84,87,74
619,92,93,98,100
620,72,83,51,36
621,58,44,40,19
622,78,81,92,97
623,80,79,85,84
624,62,63,89,89
625,88,89,100,100
626,66,68,58,76
627,42,42,47,50
628,47,49,44,44
629,78,78,94,94
630,89,88,101,100
631,33,34,75,77
632,46,42,45,43
633,88,89,93,94
634,51,82,63,90
635,37,38,58,58
636,78,78,64,64
637,68,66,49,45
638,52,55,94,94
639,76,77,88,94
640,76,52,33,0
641,85,87,89,93
642,36,31,52,36
643,51,51,75,74
644,44,48,67,88
645,47,47,54,54
646,42,41,20,17
647,29,31,28,29
648,76,74,65,61
649,67,67,102,100
650,34,35,47,47
651,57,57,86,85
652,85,85,87,88
653,63,66,29,26
654,41,63,42,43
655,63,64,55,75
656,80,81,99,100
657,26,29,44,36
658,55,54,44,42
659,48,45,70,69
660,46,46,1,0
661,63,64,41,42
662,60,61,92,92
663,56,54,66,65
664,85,87,88,92
665,82,83,94,94
666,73,71,96,95
667,65,54,96,92
668,80,80,90,89
669,73,73,79,80
670,69,69,71,70
671,53,55,76,77
672,60,70,23,62
673,65,65,89,87
674,25,25,67,67
675,39,40,80,80
676,75,75,101,100
677,70,70,101,100
678,41,64,44,20
679,55,54,54,53
680,33,34,13,14
681,65,87,67,93
682,61,55,34,50
683,85,77,99,95
684,70,71,77,79
685,64,66,71,71
686,59,58,47,46
687,66,82,71,90
688,84,80,89,92
689,56,55,58,57
690,67,59,82,88
691,26,27,92,91
692,66,52,60,25
693,66,73,63,73
694,72,86,89,75
695,81,82,85,86
696,21,22,10,12
697,62,62,17,18
698,71,72,89,90
699,90,89,67,67
700,69,68,75,60
701,43,44,56,56
702,63,63,79,78
703,76,76,78,77
704,40,40,97,95
705,41,40,35,33
706,45,46,41,38
707,50,50,74,78
708,36,32,20,22
709,29,21,35,50
710,64,64,72,71
711,86,86,83,95
712,69,67,72,73
713,60,60,93,93
714,88,89,83,84
715,38,38,40,40
716,68,68,86,86
717,53,49,80,68
718,82,81,101,100
719,41,42,9,7
720,75,75,100,100
721,76,76,88,87
722,72,73,70,72
723,82,77,81,75
724,54,80,41,60
725,40,41,20,22
726,67,65,82,88
727,50,51,83,83
728,49,49,85,91
729,49,49,39,38
730,40,38,50,45
731,70,69,100,100
732,53,53,46,47
733,35,34,26,25
734,88,88,100,100
735,61,62,100,100
736,41,38,4,0
737,36,37,16,20
738,26,28,10,11
739,53,53,48,48
740,45,25,62,33
741,89,93,43,67
742,59,64,89,85
743,49,58,33,30
744,69,70,90,92
745,62,63,50,53
746,90,90,90,88
747,64,64,50,50
748,44,39,41,34
749,36,31,27,20
750,81,84,82,88
751,83,86,41,43
752,90,93,89,92
753,62,62,32,32
754,63,61,64,62
755,50,51,100,100
756,22,22,8,8
757,40,40,61,60
758,65,65,87,86
759,39,40,39,40
760,29,29,37,38
761,77,79,88,91
762,44,44,-1,0
763,78,69,89,100
764,61,62,90,89
765,64,64,56,56
766,69,67,94,93
767,89,89,97,96
768,61,70,63,79
769,47,48,67,67
770,101,100,91,89
771,97,97,93,93
772,65,64,30,29
773,53,49,59,56
774,77,70,84,89
775,88,89,69,71
776,66,75,62,81
777,53,53,55,57
778,65,64,101,100
779,62,61,62,61
780,34,30,33,29
781,73,73,88,88
782,60,63,84,67
783,46,45,33,37
784,74,73,100,100
785,77,84,91,96
786,77,82,75,82
787,67,67,92,92
788,61,62,62,62
789,36,36,14,14
790,72,71,78,77
791,66,64,14,8
792,75,77,52,50
793,93,92,83,83
794,19,16,4,0
795,49,50,42,43
796,39,33,49,43
797,85,87,44,46
798,77,76,60,54
799,49,50,3,4
800,43,43,37,39
801,64,65,70,71
802,50,47,79,77
803,67,73,69,68
804,42,43,74,74
805,85,80,86,81
806,74,74,95,95
807,81,67,75,100
808,65,76,92,78
809,69,71,86,85
810,57,57,8,9
811,63,53,71,68
812,55,66,42,50
813,36,37,28,29
814,88,89,99,100
815,76,78,43,43
816,42,36,23,19
817,80,80,98,100
818,74,75,58,60
819,60,60,70,70
820,77,75,94,90
821,60,60,96,96
822,88,86,88,87
823,24,37,-5,0
824,37,36,-1,0
825,64,65,64,65
826,16,18,40,40
827,67,66,44,48
828,44,43,75,77
829,72,73,38,40
830,51,49,45,60
831,42,22,55,30
832,96,100,98,100
833,45,49,50,35
834,78,79,95,97
835,48,49,44,44
836,62,62,98,97
837,66,64,81,81
838,51,59,42,49
839,62,59,41,33
840,44,58,49,82
841,85,85,83,82
842,87,90,94,100
843,73,75,78,87
844,70,70,69,67
845,48,61,55,71
846,93,94,82,82
847,78,82,94,100
848,39,39,48,50
849,53,36,86,85
850,52,43,54,60
851,52,60,57,56
852,67,83,61,71
853,53,54,79,79
854,73,74,77,76
855,83,79,96,97
856,61,68,49,64
857,45,45,56,31
858,18,20,86,86
859,57,57,32,36
860,31,31,27,27
861,55,59,8,6
862,43,47,47,55
863,63,56,57,57
864,63,61,63,60
865,61,59,33,29
866,18,14,39,36
867,61,78,48,51
868,54,53,79,79
869,43,41,26,23
870,43,54,68,81
871,57,58,53,53
872,52,54,39,40
873,75,77,89,93
874,31,27,35,30
875,55,52,76,81
876,57,46,61,31
877,13,15,24,25
878,21,22,20,22
879,70,76,100,97
880,62,46,78,77
881,76,76,84,89
882,52,53,52,53
883,60,60,69,69
884,44,26,34,53
885,64,41,75,50
886,36,37,12,12
887,38,36,24,20
888,61,62,50,51
889,78,86,69,80
890,49,51,44,55
891,75,70,81,87
892,89,89,54,54
893,85,84,98,97
894,74,76,67,64
895,72,57,99,90
896,83,84,74,72
897,35,36,35,36
898,77,78,58,56
899,16,16,64,65
900,56,48,89,82
901,78,66,95,94
902,29,30,-1,0
903,36,37,-2,0
904,47,48,66,66
905,50,50,79,78
906,86,93,75,83
907,76,77,41,38
908,88,90,89,89
909,43,39,99,100
910,96,95,96,96
911,50,47,41,36
912,46,47,23,25
913,52,53,100,100
914,62,47,74,88
915,93,93,83,83
916,73,73,92,94
917,41,43,63,64
918,46,60,65,80
919,62,61,67,86
920,48,50,88,91
921,16,19,13,13
922,89,88,102,100
923,45,45,27,25
924,77,78,86,89
925,82,82,99,100
926,85,84,84,84
927,57,55,17,13
928,102,100,95,91
929,79,82,29,30
930,68,46,54,25
931,65,76,50,60
932,64,64,60,60
933,75,75,101,100
934,46,47,69,69
935,77,80,90,88
936,70,70,82,82
937,28,26,40,38
938,66,67,62,63
939,30,29,25,27
940,44,53,49,59
941,91,91,101,100
942,77,76,102,100
943,41,38,31,27
944,60,61,67,65
945,53,52,41,41
946,58,58,67,67
947,38,27,6,17
948,79,80,63,65
949,21,22,-1,0
950,67,67,88,88
951,29,27,23,20
952,68,68,76,73
953,69,90,71,100
954,32,29,55,63
955,63,62,78,79
956,58,31,61,43
957,58,60,52,52
958,77,77,71,72
959,62,59,63,61
960,91,92,88,90
961,41,42,71,71
962,62,61,55,54
963,43,47,15,22
964,83,83,96,95
965,33,33,58,58
966,69,34,74,50
967,45,46,71,79
968,39,36,36,33
969,39,64,48,70
970,88,93,14,13
971,39,39,35,35
972,49,63,46,67
973,82,84,87,89
974,67,68,101,100
975,71,70,89,89
976,89,89,91,91
977,36,37,1,0
978,69,70,29,29
979,64,69,61,66
980,68,67,24,17
981,68,53,63,63
982,69,89,74,90
983,63,63,89,89
984,62,60,97,96
985,20,20,57,57
986,33,31,45,39
987,32,33,80,80
988,71,71,80,80
989,64,64,74,78
990,92,92,49,50
991,27,28,28,29
992,77,84,62,44
993,80,79,83,83
994,54,54,37,37
995,84,87,86,90
996,80,80,82,82
997,56,89,55,91
998,67,67,69,67
999,68,69,86,86
1000,57,46,58,45
1001,66,,86,
1002,78,,76,
1003,63,,87,
1004,59,,47,
1005,54,,39,
1006,59,,70,
1007,67,,95,
1008,75,,44,
1009,53,,80,
1010,88,,87,
1011,75,,98,
1012,92,,89,
1013,52,,52,
1014,77,,38,
1015,88,,88,
1016,61,,33,
1017,71,,73,
1018,64,,58,
1019,83,,93,
1020,67,,58,
1021,76,,52,
1022,60,,63,
1023,80,,99,
1024,53,,59,
1025,79,,88,
1026,88,,96,
1027,85,,89,
1028,74,,53,
1029,38,,67,
1030,38,,72,
1031,81,,81,
1032,70,,51,
1033,51,,78,
1034,62,,88,
1035,22,,19,
1036,45,,45,
1037,27,,58,
1038,16,,40,
1039,76,,81,
1040,69,,11,
1041,82,,53,
1042,56,,61,
1043,83,,18,
1044,79,,71,
1045,15,,80,
1046,21,,27,
1047,74,,48,
1048,69,,73,
1049,100,,100,
1050,41,,36,
1051,87,,92,
1052,33,,48,
1053,41,,30,
1054,84,,94,
1055,67,,16,
1056,83,,93,
1057,30,,28,
1058,62,,93,
1059,90,,89,
1060,85,,80,
1061,86,,97,
1062,67,,101,
1063,56,,39,
1064,57,,59,
1065,40,,63,
1066,28,,80,
1067,92,,92,
1068,95,,79,
1069,50,,64,
1070,49,,42,
1071,49,,29,
1072,32,,71,
1073,72,,68,
1074,56,,30,
1075,43,,17,
1076,77,,93,
1077,55,,89,
1078,84,,100,
1079,70,,90,
1080,91,,92,
1081,91,,84,
1082,68,,67,
1083,81,,88,
1084,55,,35,
1085,69,,79,
1086,79,,73,
1087,81,,82,
1088,65,,44,
1089,17,,0,
1090,61,,86,
1091,39,,31,
1092,61,,89,
1093,91,,98,
1094,67,,74,
1095,62,,80,
1096,87,,94,
1097,93,,84,
1098,77,,81,
1099,50,,41,
1100,65,,25,
1101,75,,65,
1102,83,,102,
1103,54,,60,
1104,63,,87,
1105,40,,32,
1106,78,,100,
1107,74,,68,
1108,24,,78,
1109,61,,51,
1110,56,,80,
1111,45,,66,
1112,26,,50,
1113,83,,92,
1114,73,,84,
1115,22,,0,
1116,80,,97,
1117,26,,72,
1118,66,,10,
1119,66,,13,
1120,51,,46,
1121,52,,64,
1122,80,,88,
1123,65,,100,
1124,83,,83,
1125,65,,44,
1126,84,,53,
1127,44,,28,
1128,71,,100,
1129,46,,48,
1130,53,,61,
1131,65,,80,
1132,79,,80,
1133,77,,44,
1134,51,,19,
1135,39,,19,
1136,89,,89,
1137,68,,52,
1138,87,,83,
1139,74,,38,
1140,5,,12,
1141,82,,53,
1142,56,,63,
1143,80,,79,
1144,81,,99,
1145,53,,18,
1146,88,,94,
1147,63,,50,
1148,54,,47,
1149,99,,99,
1150,51,,69,
1151,48,,24,
1152,66,,70,
1153,72,,77,
1154,42,,44,
1155,74,,81,
1156,48,,46,
1157,77,,94,
1158,66,,49,
1159,59,,47,
1160,72,,58,
1161,87,,89,
1162,45,,49,
1163,72,,75,
1164,69,,72,
1165,42,,41,
1166,70,,71,
1167,18,,8,
1168,71,,46,
1169,65,,77,
1170,38,,58,
1171,50,,71,
1172,72,,59,
1173,44,,68,
1174,30,,73,
1175,75,,48,
1176,90,,72,
1177,73,,38,
1178,94,,101,
1179,30,,14,
1180,52,,79,
1181,66,,74,
1182,66,,78,
1183,33,,7,
1184,70,,78,
1185,62,,78,
1186,53,,40,
1187,73,,72,
1188,92,,100,
1189,33,,47,
1190,87,,97,
1191,60,,59,
1192,52,,44,
1193,80,,89,
1194,77,,88,
1195,39,,86,
1196,74,,90,
1197,76,,87,
1198,54,,59,
1199,44,,41,
1200,65,,17,
1201,23,,14,
1202,83,,73,
1203,57,,63,
1204,79,,100,
1205,57,,90,
1206,67,,83,
1207,70,,79,
1208,40,,11,
1209,56,,31,
1210,54,,92,
1211,69,,78,
1212,72,,45,
1213,84,,83,
1214,71,,27,
1215,68,,93,
1216,59,,55,
1217,25,,10,
1218,93,,89,
1219,75,,71,
1220,47,,38,
1221,66,,40,
1222,60,,93,
1223,96,,64,
1224,68,,83,
1225,29,,16,
1226,77,,65,
1227,58,,46,
1228,75,,94,
1229,31,,44,
1230,49,,68,
1231,83,,101,
1232,83,,90,
1233,59,,31,
1234,57,,75,
1235,22,,-2,
1236,86,,101,
1237,84,,95,
1238,91,,93,
1239,76,,87,
1240,49,,80,
1241,49,,32,
1242,77,,89,
1243,69,,68,
1244,83,,99,
1245,82,,80,
1246,84,,73,
1247,91,,101,
1248,86,,86,
1249,53,,58,
1250,58,,56,
1251,57,,69,
1252,38,,52,
1253,82,,91,
1254,34,,20,
1255,48,,1,
1256,84,,38,
1257,97,,15,
1258,60,,42,
1259,74,,92,
1260,47,,17,
1261,44,,42,
1262,71,,23,
1263,48,,41,
1264,45,,75,
1265,40,,37,
1266,81,,81,
1267,94,,103,
1268,77,,86,
1269,56,,46,
1270,43,,61,
1271,75,,51,
1272,42,,55,
1273,28,,16,
1274,78,,73,
1275,43,,53,
1276,35,,33,
1277,64,,85,
1278,52,,88,
1279,53,,86,
1280,87,,87,
1281,72,,83,
1282,82,,78,
1283,97,,53,
1284,87,,81,
1285,57,,39,
1286,52,,87,
1287,35,,84,
1288,38,,79,
1289,39,,25,
1290,75,,72,
1291,4,,19,
1292,46,,79,
1293,94,,63,
1294,43,,63,
1295,30,,11,
1296,54,,78,
1297,56,,63,
1298,35,,22,
1299,69,,68,
1300,52,,46,
1301,62,,70,
1302,62,,73,
1303,58,,52,
1304,68,,84,
1305,47,,82,
1306,61,,46,
1307,80,,62,
1308,49,,41,
1309,100,,97,
1310,56,,39,
1311,84,,89,
1312,23,,30,
1313,19,,34,
1314,29,,29,
1315,87,,101,
1316,42,,71,
1317,65,,86,
1318,70,,43,
1319,48,,21,
1320,42,,63,
1321,70,,86,
1322,66,,15,
1323,83,,68,
1324,78,,72,
1325,76,,54,
1326,58,,39,
1327,64,,43,
1328,66,,68,
1329,47,,33,
1330,74,,63,
1331,16,,28,
1332,61,,86,
1333,61,,71,
1334,50,,77,
1335,81,,100,
1336,50,,65,
1337,44,,35,
1338,62,,77,
1339,69,,69,
1340,89,,87,
1341,62,,71,
1342,22,,14,
1343,63,,77,
1344,65,,67,
1345,75,,96,
1346,49,,61,
1347,35,,59,
1348,64,,30,
1349,41,,40,
1350,91,,69,
1351,87,,74,
1352,42,,82,
1353,47,,65,
1354,77,,66,
1355,79,,60,
1356,54,,97,
1357,81,,79,
1358,51,,64,
1359,55,,58,
1360,57,,43,
1361,59,,41,
1362,80,,102,
1363,63,,63,
1364,47,,15,
1365,42,,54,
1366,66,,56,
1367,62,,59,
1368,48,,79,
1369,84,,99,
1370,87,,65,
1371,36,,31,
1372,85,,90,
1373,84,,90,
1374,39,,75,
1375,69,,63,
1376,76,,66,
1377,73,,77,
1378,79,,75,
1379,73,,98,
1380,54,,38,
1381,73,,86,
1382,88,,48,
1383,24,,22,
1384,38,,43,
1385,82,,79,
1386,60,,68,
1387,75,,79,
1388,52,,27,
1389,33,,29,
1390,71,,63,
1391,33,,43,
1392,70,,80,
1393,92,,92,
1394,16,,81,
1395,75,,89,
1396,70,,81,
1397,97,,101,
1398,73,,74,
1399,65,,27,
1400,44,,51,
1401,67,,52,
1402,66,,74,
1403,99,,71,
1404,60,,45,
1405,52,,8,
1406,60,,50,
1407,63,,100,
1408,58,,65,
1409,60,,69,
1410,39,,31,
1411,83,,80,
1412,66,,72,
1413,56,,73,
1414,44,,73,
1415,57,,43,
1416,49,,68,
1417,69,,54,
1418,65,,65,
1419,82,,95,
1420,80,,67,
1421,53,,80,
1422,62,,82,
1423,72,,89,
1424,67,,74,
1425,66,,77,
1426,28,,56,
1427,47,,42,
1428,79,,83,
1429,38,,24,
1430,69,,78,
1431,48,,51,
1432,56,,53,
1433,34,,44,
1434,57,,63,
1435,63,,74,
1436,75,,77,
1437,84,,76,
1438,64,,66,
1439,66,,67,
1440,57,,44,
1441,63,,66,
1442,39,,57,
1443,41,,26,
1444,97,,89,
1445,30,,27,
1446,88,,91,
1447,32,,-1,
1448,72,,85,
1449,67,,61,
1450,41,,12,
1451,58,,69,
1452,81,,81,
1453,43,,39,
1454,67,,68,
1455,46,,55,
1456,85,,95,
1457,64,,78,
1458,53,,38,
1459,86,,24,
1460,27,,26,
1461,56,,77,
1462,52,,29,
1463,41,,67,
1464,64,,67,
1465,78,,29,
1466,80,,91,
1467,21,,25,
1468,77,,56,
1469,86,,96,
1470,81,,96,
1471,56,,36,
1472,74,,74,
1473,63,,70,
1474,37,,39,
1475,72,,53,
1476,78,,87,
1477,60,,10,
1478,61,,46,
1479,74,,15,
1480,45,,43,
1481,78,,81,
1482,79,,19,
1483,86,,81,
1484,67,,63,
1485,72,,76,
1486,54,,76,
1487,97,,42,
1488,81,,96,
1489,81,,75,
1490,91,,89,
1491,96,,63,
1492,69,,91,
1493,61,,60,
1494,9,,-5,
1495,29,,63,
1496,80,,83,
1497,59,,60,
1498,43,,50,
1499,53,,84,
1500,48,,31,
1501,34,,53,
1502,76,,94,
1503,67,,48,
1504,74,,83,
1505,39,,55,
1506,57,,8,
1507,48,,46,
1508,45,,53,
1509,20,,11,
1510,40,,5,
1511,60,,49,
1512,48,,13,
1513,71,,49,
1514,88,,94,
1515,74,,74,
1516,48,,46,
1517,56,,49,
1518,80,,84,
1519,53,,52,
1520,67,,60,
1521,57,,61,
1522,50,,27,
1523,87,,95,
1524,67,,100,
1525,25,,18,
1526,84,,100,
1527,36,,29,
1528,30,,52,
1529,49,,2,
1530,78,,99,
1531,54,,56,
1532,57,,87,
1533,69,,68,
1534,65,,67,
1535,76,,79,
1536,42,,55,
1537,53,,80,
1538,65,,79,
1539,97,,98,
1540,48,,61,
1541,37,,12,
1542,59,,51,
1543,79,,98,
1544,68,,69,
1545,85,,90,
1546,52,,10,
1547,66,,95,
1548,81,,92,
1549,97,,94,
1550,24,,21,
1551,43,,18,
1552,42,,20,
1553,61,,41,
1554,85,,95,
1555,87,,98,
1556,37,,60,
1557,74,,71,
1558,48,,12,
1559,51,,55,
1560,67,,64,
1561,67,,79,
1562,53,,71,
1563,38,,6,
1564,47,,63,
1565,48,,63,
1566,50,,63,
1567,23,,37,
1568,62,,50,
1569,72,,60,
1570,73,,69,
1571,55,,57,
1572,57,,26,
1573,65,,60,
1574,34,,23,
1575,27,,24,
1576,55,,81,
1577,40,,66,
1578,28,,6,
1579,78,,87,
1580,83,,66,
1581,45,,57,
1582,82,,88,
1583,51,,93,
1584,61,,90,
1585,40,,93,
1586,58,,51,
1587,34,,26,
1588,71,,77,
1589,92,,88,
1590,76,,91,
1591,71,,64,
1592,52,,73,
1593,66,,36,
1594,82,,69,
1595,63,,78,
1596,42,,68,
1597,83,,88,
1598,90,,100,
1599,52,,54,
1600,42,,46,
1601,76,,99,
1602,81,,90,
1603,47,,50,
1604,89,,48,
1605,32,,24,
1606,85,,93,
1607,59,,66,
1608,54,,11,
1609,57,,68,
1610,80,,89,
1611,40,,40,
1612,108,,85,
1613,39,,46,
1614,68,,96,
1615,51,,44,
1616,71,,52,
1617,68,,62,
1618,89,,85,
1619,67,,92,
1620,78,,100,
1621,72,,72,
1622,69,,96,
1623,76,,88,
1624,56,,68,
1625,67,,23,
1626,68,,59,
1627,47,,86,
1628,40,,71,
1629,53,,83,
1630,51,,39,
1631,79,,85,
1632,79,,87,
1633,71,,86,
1634,81,,98,
1635,59,,87,
1636,78,,83,
1637,19,,32,
1638,95,,95,
1639,24,,14,
1640,82,,55,
1641,79,,77,
1642,95,,101,
1643,64,,64,
1644,78,,100,
1645,32,,39,
1646,88,,90,
1647,44,,11,
1648,53,,47,
1649,60,,79,
1650,63,,77,
1651,54,,15,
1652,40,,54,
1653,91,,93,
1654,83,,102,
1655,68,,84,
1656,41,,28,
1657,39,,91,
1658,61,,67,
1659,67,,92,
1660,52,,32,
1661,88,,97,
1662,96,,100,
1663,72,,83,
1664,72,,83,
1665,81,,72,
1666,87,,31,
1667,80,,49,
1668,68,,75,
1669,42,,59,
1670,61,,80,
1671,48,,36,
1672,69,,82,
1673,83,,55,
1674,78,,95,
1675,80,,88,
1676,63,,56,
1677,100,,101,
1678,35,,20,
1679,45,,84,
1680,85,,31,
1681,64,,77,
1682,80,,88,
1683,68,,74,
1684,88,,82,
1685,27,,9,
1686,57,,59,
1687,68,,75,
1688,51,,20,
1689,54,,63,
1690,56,,36,
1691,48,,51,
1692,60,,52,
1693,35,,32,
1694,45,,25,
1695,10,,-2,
1696,63,,70,
1697,64,,69,
1698,71,,99,
1699,59,,64,
1700,61,,68,
1701,73,,101,
1702,99,,103,
1703,29,,60,
1704,54,,51,
1705,62,,55,
1706,60,,28,
1707,59,,15,
1708,44,,57,
1709,70,,55,
1710,56,,69,
1711,98,,74,
1712,54,,90,
1713,75,,100,
1714,47,,19,
1715,65,,56,
1716,57,,58,
1717,61,,84,
1718,61,,39,
1719,63,,78,
1720,82,,97,
1721,74,,78,
1722,93,,102,
1723,42,,27,
1724,101,,94,
1725,82,,95,
1726,83,,94,
1727,77,,94,
1728,53,,52,
1729,0,,8,
1730,80,,83,
1731,92,,93,
1732,42,,25,
1733,40,,39,
1734,51,,36,
1735,75,,95,
1736,28,,22,
1737,66,,78,
1738,78,,74,
1739,84,,92,
1740,57,,91,
1741,84,,82,
1742,42,,63,
1743,90,,94,
1744,73,,59,
1745,84,,78,
1746,59,,71,
1747,49,,46,
1748,74,,73,
1749,78,,87,
1750,80,,42,
1751,80,,90,
1752,43,,45,
1753,71,,69,
1754,21,,14,
1755,53,,81,
1756,60,,100,
1757,57,,11,
1758,24,,11,
1759,73,,74,
1760,83,,96,
1761,26,,17,
1762,99,,100,
1763,45,,73,
1764,57,,61,
1765,83,,52,
1766,92,,86,
1767,65,,92,
1768,68,,51,
1769,47,,13,
1770,98,,101,
1771,78,,92,
1772,50,,46,
1773,35,,40,
1774,78,,85,
1775,52,,59,
1776,49,,32,
1777,53,,33,
1778,69,,40,
1779,53,,65,
1780,60,,41,
1781,86,,80,
1782,64,,28,
1783,82,,78,
1784,22,,16,
1785,58,,44,
1786,59,,67,
1787,66,,98,
1788,74,,45,
1789,64,,92,
1790,90,,95,
1791,72,,76,
1792,31,,29,
1793,26,,21,
1794,51,,78,
1795,88,,83,
1796,65,,85,
1797,38,,2,
1798,57,,33,
1799,68,,100,
1800,98,,88,
1801,41,,52,
1802,42,,46,
1803,36,,18,
1804,41,,64,
1805,78,,66,
1806,87,,95,
1807,62,,46,
1808,54,,56,
1809,58,,48,
1810,9,,14,
1811,88,,101,
1812,93,,101,
1813,58,,77,
1814,87,,82,
1815,51,,62,
1816,30,,59,
1817,75,,31,
1818,82,,39,
1819,41,,9,
1820,67,,86,
1821,90,,87,
1822,9,,-1,
1823,55,,76,
1824,75,,-2,
1825,82,,56,
1826,76,,90,
1827,57,,80,
1828,67,,86,
1829,70,,101,
1830,74,,80,
1831,36,,45,
1832,16,,40,
1833,73,,40,
1834,67,,64,
1835,61,,72,
1836,68,,81,
1837,77,,87,
1838,57,,58,
1839,17,,36,
1840,43,,40,
1841,56,,66,
1842,58,,63,
1843,56,,67,
1844,62,,89,
1845,27,,68,
1846,92,,95,
1847,56,,47,
1848,47,,24,
1849,90,,35,
1850,32,,-2,
1851,53,,34,
1852,63,,69,
1853,64,,75,
1854,85,,92,
1855,38,,37,
1856,23,,-2,
1857,24,,21,
1858,67,,42,
1859,50,,20,
1860,68,,100,
1861,48,,60,
1862,51,,23,
1863,78,,80,
1864,67,,50,
1865,80,,87,
1866,69,,80,
1867,73,,84,
1868,71,,88,
1869,61,,65,
1870,72,,68,
1871,52,,60,
1872,69,,68,
1873,76,,71,
1874,88,,104,
1875,88,,80,
1876,94,,99,
1877,27,,60,
1878,78,,70,
1879,86,,82,
1880,59,,21,
1881,33,,34,
1882,28,,21,
1883,78,,80,
1884,75,,78,
1885,58,,75,
1886,64,,81,
1887,57,,71,
1888,61,,70,
1889,66,,33,
1890,43,,60,
1891,67,,86,
1892,85,,92,
1893,81,,64,
1894,73,,61,
1895,61,,71,
1896,75,,61,
1897,39,,37,
1898,57,,68,
1899,17,,40,
1900,89,,94,
1901,83,,76,
1902,73,,61,
1903,67,,71,
1904,69,,73,
1905,83,,72,
1906,92,,89,
1907,67,,80,
1908,75,,75,
1909,54,,40,
1910,34,,48,
1911,32,,15,
1912,64,,32,
1913,44,,45,
1914,36,,29,
1915,41,,76,
1916,45,,49,
1917,76,,63,
1918,70,,52,
1919,89,,32,
1920,54,,84,
1921,68,,60,
1922,91,,93,
1923,85,,72,
1924,43,,43,
1925,75,,51,
1926,37,,50,
1927,90,,100,
1928,67,,32,
1929,89,,49,
1930,89,,95,
1931,97,,101,
1932,55,,46,
1933,56,,31,
1934,59,,3,
1935,61,,78,
1936,72,,79,
1937,47,,30,
1938,58,,48,
1939,56,,59,
1940,66,,16,
1941,70,,57,
1942,81,,89,
1943,74,,100,
1944,56,,45,
1945,76,,93,
1946,38,,10,
1947,30,,46,
1948,34,,4,
1949,57,,53,
1950,95,,99,
1951,54,,65,
1952,23,,23,
1953,78,,75,
1954,74,,98,
1955,54,,69,
1956,45,,93,
1957,88,,81,
1958,51,,39,
1959,78,,73,
1960,37,,30,
1961,55,,77,
1962,36,,59,
1963,46,,23,
1964,66,,88,
1965,41,,39,
1966,86,,99,
1967,52,,57,
1968,66,,52,
1969,44,,69,
1970,59,,49,
1971,70,,18,
1972,57,,82,
1973,79,,93,
1974,83,,91,
1975,42,,56,
1976,45,,49,
1977,94,,99,
1978,61,,24,
1979,83,,76,
1980,28,,62,
1981,62,,33,
1982,78,,29,
1983,50,,81,
1984,100,,70,
1985,26,,56,
1986,68,,100,
1987,90,,49,
1988,15,,79,
1989,31,,1,
1990,32,,21,
1991,18,,5,
1992,51,,43,
1993,87,,91,
1994,72,,17,
1995,46,,19,
1996,31,,68,
1997,81,,87,
1998,50,,88,
1999,71,,83,
2000,71,,95,
2001,78,,70,
2002,51,,54,
2003,30,,11,
2004,34,,92,
2005,44,,90,
2006,60,,67,
2007,67,,101,
2008,69,,58,
2009,64,,98,
2010,65,,20,
2011,48,,65,
2012,38,,28,
2013,63,,86,
2014,78,,99,
2015,48,,66,
2016,74,,100,
2017,18,,55,
2018,55,,42,
2019,59,,72,
2020,90,,51,
2021,66,,64,
2022,27,,70,
2023,64,,91,
2024,49,,83,
2025,71,,88,
2026,67,,91,
2027,21,,17,
2028,71,,59,
2029,69,,74,
2030,73,,98,
2031,65,,61,
2032,39,,78,
2033,33,,90,
2034,101,,64,
2035,41,,29,
2036,79,,78,
2037,84,,21,
2038,85,,89,
2039,80,,100,
2040,64,,50,
2041,65,,19,
2042,48,,69,
2043,92,,98,
2044,31,,60,
2045,80,,98,
2046,68,,67,
2047,70,,67,
2048,56,,56,
2049,45,,76,
2050,43,,95,
2051,54,,88,
2052,32,,33,
2053,29,,35,
2054,80,,28,
2055,47,,32,
2056,62,,73,
2057,84,,78,
2058,78,,24,
2059,77,,76,
2060,66,,87,
2061,49,,35,
2062,89,,78,
2063,50,,19,
2064,74,,19,
2065,35,,72,
2066,82,,77,
2067,43,,45,
2068,58,,95,
2069,49,,42,
2070,52,,75,
2071,88,,69,
2072,65,,76,
2073,80,,65,
2074,39,,56,
2075,33,,56,
2076,51,,53,
2077,78,,103,
2078,47,,51,
2079,20,,8,
2080,59,,61,
2081,81,,74,
2082,75,,81,
2083,45,,101,
2084,86,,83,
2085,55,,60,
2086,65,,20,
2087,46,,79,
2088,48,,79,
2089,64,,63,
2090,68,,70,
2091,30,,49,
2092,47,,37,
2093,73,,92,
2094,92,,95,
2095,75,,60,
2096,89,,97,
2097,78,,98,
2098,52,,41,
2099,25,,0,
2100,66,,94,
2101,82,,86,
2102,63,,73,
2103,70,,67,
2104,85,,92,
2105,56,,101,
2106,30,,79,
2107,83,,83,
2108,44,,16,
2109,73,,43,
2110,79,,76,
2111,87,,93,
2112,54,,87,
2113,71,,73,
2114,86,,71,
2115,38,,45,
2116,48,,85,
2117,67,,62,
2118,19,,66,
2119,60,,70,
2120,88,,93,
2121,69,,87,
2122,86,,90,
2123,74,,79,
2124,27,,25,
2125,50,,67,
2126,43,,47,
2127,39,,42,
2128,85,,96,
2129,45,,61,
2130,108,,30,
2131,85,,92,
2132,59,,68,
2133,67,,85,
2134,56,,83,
2135,75,,87,
2136,91,,53,
2137,73,,96,
2138,50,,32,
2139,62,,55,
2140,86,,77,
2141,14,,42,
2142,93,,99,
2143,84,,60,
2144,56,,77,
2145,18,,18,
2146,57,,14,
2147,68,,79,
2148,37,,74,
2149,51,,69,
2150,68,,78,
2151,12,,-2,
2152,69,,36,
2153,60,,70,
2154,36,,35,
2155,28,,25,
2156,77,,81,
2157,75,,52,
2158,45,,12,
2159,55,,67,
2160,75,,71,
2161,91,,44,
2162,56,,37,
2163,48,,26,
2164,60,,78,
2165,82,,83,
2166,88,,97,
2167,50,,47,
2168,51,,51,
2169,72,,71,
2170,66,,80,
2171,74,,68,
2172,63,,98,
2173,90,,93,
2174,55,,71,
2175,90,,90,
2176,48,,59,
2177,72,,12,
2178,40,,77,
2179,56,,40,
2180,44,,40,
2181,72,,80,
2182,25,,12,
2183,67,,97,
2184,59,,64,
2185,33,,-1,
2186,25,,41,
2187,75,,100,
2188,41,,73,
2189,34,,43,
2190,46,,58,
2191,27,,43,
2192,79,,83,
2193,94,,25,
2194,50,,42,
2195,65,,68,
2196,50,,28,
2197,68,,63,
2198,47,,38,
2199,22,,21,
2200,59,,57,
2201,81,,90,
2202,47,,70,
2203,56,,93,
2204,92,,100,
2205,69,,61,
2206,31,,28,
2207,90,,101,
2208,57,,87,
2209,53,,59,
2210,78,,82,
2211,67,,55,
2212,68,,88,
2213,73,,82,
2214,70,,90,
2215,59,,99,
2216,70,,73,
2217,73,,90,
2218,51,,33,
2219,83,,93,
2220,78,,55,
2221,62,,74,
2222,59,,70,
2223,51,,62,
2224,37,,28,
2225,67,,21,
2226,25,,3,
2227,81,,79,
2228,58,,37,
2229,39,,15,
2230,70,,73,
2231,85,,97,
2232,80,,89,
2233,53,,85,
2234,16,,17,
2235,75,,79,
2236,28,,22,
2237,75,,82,
2238,29,,20,
2239,50,,36,
2240,78,,77,
2241,44,,33,
2242,80,,101,
2243,37,,33,
2244,88,,86,
2245,73,,86,
2246,37,,98,
2247,77,,96,
2248,67,,61,
2249,67,,67,
2250,60,,46,
2251,49,,78,
2252,69,,36,
2253,88,,72,
2254,77,,30,
2255,81,,72,
2256,43,,42,
2257,30,,8,
2258,66,,19,
2259,84,,100,
2260,73,,79,
2261,46,,52,
2262,48,,29,
2263,92,,91,
2264,79,,95,
2265,39,,59,
2266,52,,76,
2267,80,,24,
2268,50,,74,
2269,60,,51,
2270,69,,98,
2271,76,,83,
2272,31,,19,
2273,69,,59,
2274,59,,97,
2275,45,,22,
2276,51,,45,
2277,49,,60,
2278,10,,2,
2279,83,,71,
2280,51,,19,
2281,56,,55,
2282,50,,38,
2283,48,,62,
2284,11,,1,
2285,83,,84,
2286,94,,94,
2287,27,,72,
2288,55,,49,
2289,68,,97,
2290,94,,88,
2291,49,,57,
2292,62,,52,
2293,75,,98,
2294,85,,99,
2295,52,,100,
2296,73,,79,
2297,92,,89,
2298,67,,101,
2299,77,,13,
2300,43,,81,
2301,45,,50,
2302,23,,14,
2303,70,,66,
2304,41,,33,
2305,25,,13,
2306,88,,102,
2307,73,,88,
2308,75,,79,
2309,69,,75,
2310,86,,97,
2311,75,,86,
2312,66,,49,
2313,64,,61,
2314,56,,47,
2315,67,,71,
2316,55,,43,
2317,86,,85,
2318,49,,36,
2319,78,,92,
2320,28,,8,
2321,65,,66,
2322,51,,58,
2323,86,,74,
2324,84,,99,
2325,39,,31,
2326,71,,82,
2327,52,,64,
2328,91,,100,
2329,74,,10,
2330,74,,103,
2331,63,,84,
2332,65,,72,
2333,67,,65,
2334,78,,90,
2335,82,,56,
2336,89,,95,
2337,81,,80,
2338,80,,83,
2339,73,,94,
2340,52,,51,
2341,71,,79,
2342,79,,55,
2343,45,,63,
2344,83,,36,
2345,38,,42,
2346,41,,67,
2347,27,,80,
2348,38,,23,
2349,92,,89,
2350,50,,18,
2351,55,,55,
2352,41,,28,
2353,79,,89,
2354,54,,75,
2355,86,,101,
2356,42,,73,
2357,94,,100,
2358,67,,40,
2359,62,,49,
2360,74,,77,
2361,51,,34,
2362,78,,85,
2363,88,,96,
2364,67,,73,
2365,41,,30,
2366,51,,86,
2367,51,,53,
2368,13,,-1,
2369,33,,21,
2370,56,,50,
2371,87,,83,
2372,78,,36,
2373,92,,89,
2374,45,,40,
2375,73,,74,
2376,36,,68,
2377,73,,62,
2378,96,,100,
2379,46,,22,
2380,43,,69,
2381,66,,83,
2382,54,,72,
2383,53,,62,
2384,72,,77,
2385,63,,92,
2386,40,,45,
2387,65,,85,
2388,46,,57,
2389,71,,97,
2390,67,,61,
2391,67,,60,
2392,68,,84,
2393,86,,94,
2394,83,,54,
2395,71,,62,
2396,54,,18,
2397,54,,89,
2398,39,,7,
2399,56,,60,
2400,94,,76,
2401,73,,94,
2402,75,,83,
2403,70,,63,
2404,17,,23,
2405,60,,93,
2406,75,,90,
2407,58,,68,
2408,82,,90,
2409,42,,19,
2410,28,,25,
2411,33,,97,
2412,76,,65,
2413,90,,49,
2414,73,,73,
2415,81,,66,
2416,17,,20,
2417,84,,89,
2418,58,,86,
2419,51,,16,
2420,73,,76,
2421,0,,51,
2422,89,,94,
2423,76,,72,
2424,66,,77,
2425,58,,44,
2426,94,,83,
2427,44,,47,
2428,72,,87,
2429,66,,95,
2430,71,,59,
2431,79,,71,
2432,60,,76,
2433,48,,69,
2434,17,,24,
2435,19,,19,
2436,84,,73,
2437,73,,81,
2438,80,,91,
2439,46,,82,
2440,37,,72,
2441,44,,60,
2442,36,,28,
2443,86,,90,
2444,28,,32,
2445,84,,95,
2446,71,,102,
2447,75,,61,
2448,75,,88,
2449,44,,25,
2450,83,,100,
2451,62,,82,
2452,6,,80,
2453,45,,62,
2454,77,,47,
2455,101,,102,
2456,18,,57,
2457,57,,84,
2458,32,,11,
2459,60,,53,
2460,94,,72,
2461,37,,42,
2462,90,,98,
2463,40,,74,
2464,58,,34,
2465,39,,83,
2466,65,,71,
2467,81,,93,
2468,62,,65,
2469,53,,50,
2470,71,,92,
2471,66,,51,
2472,80,,67,
2473,73,,78,
2474,60,,94,
2475,60,,58,
2476,67,,20,
2477,64,,55,
2478,94,,30,
2479,34,,37,
2480,97,,93,
2481,74,,68,
2482,71,,40,
2483,74,,81,
2484,86,,92,
2485,62,,76,
2486,60,,76,
2487,57,,42,
2488,55,,50,
2489,68,,80,
2490,26,,44,
2491,43,,51,
2492,42,,74,
2493,37,,39,
2494,52,,36,
2495,50,,41,
2496,70,,17,
2497,39,,45,
2498,50,,102,
2499,63,,45,
2500,78,,50,
2501,83,,92,
2502,85,,65,
2503,93,,101,
2504,52,,86,
2505,55,,86,
2506,62,,87,
2507,68,,76,
2508,39,,54,
2509,85,,99,
2510,62,,81,
2511,16,,11,
2512,69,,11,
2513,88,,85,
2514,63,,88,
2515,23,,28,
2516,54,,99,
2517,66,,80,
2518,46,,68,
2519,80,,90,
2520,52,,28,
2521,68,,66,
2522,42,,90,
2523,52,,39,
2524,57,,78,
2525,66,,91,
2526,98,,100,
2527,59,,65,
2528,84,,50,
2529,60,,22,
2530,91,,102,
2531,50,,38,
2532,38,,67,
2533,84,,79,
2534,43,,37,
2535,50,,59,
2536,13,,1,
2537,57,,76,
2538,75,,98,
2539,50,,33,
2540,51,,87,
2541,68,,82,
2542,53,,61,
2543,51,,81,
2544,16,,26,
2545,74,,58,
2546,51,,31,
2547,63,,33,
2548,39,,76,
2549,28,,8,
2550,58,,45,
2551,83,,87,
2552,58,,78,
2553,59,,57,
2554,37,,16,
2555,65,,90,
2556,71,,101,
2557,64,,-2,
2558,87,,91,
2559,82,,78,
2560,64,,18,
2561,66,,78,
2562,54,,62,
2563,49,,74,
2564,76,,68,
2565,22,,9,
2566,39,,44,
2567,39,,80,
2568,52,,69,
2569,75,,68,
2570,40,,39,
2571,48,,26,
2572,16,,43,
2573,51,,47,
2574,66,,45,
2575,95,,98,
2576,41,,28,
2577,86,,100,
2578,30,,49,
2579,75,,76,
2580,42,,52,
2581,61,,51,
2582,82,,87,
2583,76,,51,
2584,52,,95,
2585,70,,48,
2586,90,,80,
2587,65,,86,
2588,58,,62,
2589,34,,49,
2590,65,,73,
2591,28,,47,
2592,58,,89,
2593,44,,39,
2594,69,,55,
2595,82,,87,
2596,30,,21,
2597,87,,83,
2598,33,,18,
2599,50,,78,
2600,84,,86,
2601,32,,24,
2602,68,,-1,
2603,98,,47,
2604,-1,,16,
2605,55,,48,
2606,6,,-2,
2607,69,,45,
2608,90,,69,
2609,80,,89,
2610,69,,86,
2611,62,,39,
2612,75,,77,
2613,83,,93,
2614,73,,73,
2615,99,,79,
2616,87,,101,
2617,50,,63,
2618,90,,98,
2619,72,,81,
2620,79,,89,
2621,60,,66,
2622,44,,32,
2623,70,,82,
2624,64,,79,
2625,68,,101,
2626,39,,69,
2627,35,,55,
2628,43,,54,
2629,72,,37,
2630,30,,7,
2631,62,,80,
2632,93,,101,
2633,75,,83,
2634,46,,35,
2635,87,,103,
2636,66,,71,
2637,75,,96,
2638,80,,84,
2639,86,,75,
2640,84,,60,
2641,70,,86,
2642,62,,80,
2643,46,,74,
2644,47,,15,
2645,69,,77,
2646,87,,88,
2647,74,,72,
2648,56,,63,
2649,61,,63,
2650,92,,88,
2651,83,,57,
2652,47,,28,
2653,73,,70,
2654,60,,48,
2655,82,,68,
2656,82,,40,
2657,28,,54,
2658,93,,97,
2659,79,,56,
2660,62,,89,
2661,79,,71,
2662,41,,68,
2663,24,,64,
2664,82,,89,
2665,70,,84,
2666,62,,68,
2667,43,,28,
2668,94,,89,
2669,98,,73,
2670,45,,70,
2671,86,,96,
2672,49,,50,
2673,26,,40,
2674,42,,29,
2675,65,,53,
2676,27,,30,
2677,60,,55,
2678,38,,33,
2679,50,,85,
2680,31,,11,
2681,55,,38,
2682,47,,49,
2683,16,,9,
2684,80,,102,
2685,83,,80,
2686,68,,89,
2687,42,,18,
2688,16,,44,
2689,48,,82,
2690,66,,58,
2691,9,,-1,
2692,52,,100,
2693,81,,88,
2694,56,,54,
2695,48,,43,
2696,81,,90,
2697,44,,28,
2698,77,,42,
2699,59,,91,
2700,78,,21,
2701,69,,83,
2702,75,,41,
2703,100,,100,
2704,26,,8,
2705,64,,85,
2706,91,,43,
2707,32,,24,
2708,20,,12,
2709,67,,82,
2710,71,,85,
2711,87,,86,
2712,61,,85,
2713,78,,70,
2714,66,,62,
2715,45,,75,
2716,77,,73,
2717,58,,87,
2718,86,,100,
2719,78,,93,
2720,81,,101,
2721,70,,80,
2722,54,,81,
2723,81,,95,
2724,81,,63,
2725,78,,76,
2726,70,,58,
2727,38,,46,
2728,49,,44,
2729,48,,40,
2730,38,,19,
2731,62,,79,
2732,77,,79,
2733,69,,86,
2734,80,,93,
2735,49,,19,
2736,92,,99,
2737,33,,55,
2738,67,,92,
2739,83,,78,
2740,88,,42,
2741,84,,100,
2742,66,,91,
2743,34,,90,
2744,20,,17,
2745,59,,62,
2746,59,,48,
2747,51,,66,
2748,65,,82,
2749,49,,34,
2750,50,,96,
2751,99,,41,
2752,73,,68,
2753,66,,71,
2754,78,,78,
2755,27,,18,
2756,76,,83,
2757,71,,54,
2758,54,,78,
2759,35,,40,
2760,59,,66,
2761,68,,85,
2762,49,,21,
2763,79,,68,
2764,74,,52,
2765,65,,86,
2766,74,,88,
2767,36,,42,
2768,47,,60,
2769,57,,16,
2770,78,,93,
2771,57,,100,
2772,77,,51,
2773,69,,57,
2774,50,,54,
2775,71,,73,
2776,64,,90,
2777,79,,82,
2778,83,,101,
2779,70,,84,
2780,29,,13,
2781,77,,63,
2782,80,,66,
2783,43,,37,
2784,43,,60,
2785,71,,44,
2786,49,,62,
2787,80,,45,
2788,87,,96,
2789,51,,63,
2790,87,,92,
2791,22,,41,
2792,81,,82,
2793,56,,43,
2794,56,,73,
2795,50,,72,
2796,32,,15,
2797,37,,21,
2798,45,,27,
2799,50,,82,
2800,85,,96,
2801,64,,48,
2802,37,,17,
2803,70,,11,
2804,36,,85,
2805,79,,92,
2806,24,,15,
2807,54,,92,
2808,58,,78,
2809,71,,34,
2810,31,,63,
2811,82,,79,
2812,33,,79,
2813,90,,91,
2814,70,,90,
2815,57,,48,
2816,72,,86,
2817,79,,101,
2818,33,,17,
2819,77,,93,
2820,47,,73,
2821,61,,75,
2822,92,,83,
2823,52,,40,
2824,67,,87,
2825,69,,78,
2826,69,,88,
2827,53,,64,
2828,79,,55,
2829,77,,72,
2830,71,,86,
2831,69,,27,
2832,26,,18,
2833,49,,35,
2834,17,,19,
2835,39,,80,
2836,87,,99,
2837,72,,86,
2838,54,,10,
2839,57,,54,
2840,81,,72,
2841,74,,89,
2842,29,,28,
2843,78,,80,
2844,60,,65,
2845,38,,52,
2846,86,,80,
2847,52,,59,
2848,34,,26,
2849,45,,35,
2850,11,,-1,
2851,76,,80,
2852,54,,32,
2853,56,,57,
2854,65,,87,
2855,89,,22,
2856,77,,93,
2857,46,,95,
2858,76,,71,
2859,54,,73,
2860,84,,88,
2861,57,,55,
2862,45,,24,
2863,23,,37,
2864,37,,9,
2865,49,,61,
2866,52,,34,
2867,46,,41,
2868,79,,58,
2869,55,,45,
2870,61,,65,
2871,37,,25,
2872,93,,93,
2873,70,,90,
2874,70,,67,
2875,19,,61,
2876,72,,73,
2877,77,,88,
2878,82,,90,
2879,45,,29,
2880,67,,65,
2881,37,,13,
2882,75,,83,
2883,49,,61,
2884,59,,60,
2885,85,,87,
2886,45,,92,
2887,76,,49,
2888,87,,56,
2889,55,,80,
2890,27,,52,
2891,85,,16,
2892,81,,56,
2893,93,,102,
2894,57,,56,
2895,41,,36,
2896,100,,80,
2897,62,,50,
2898,48,,67,
2899,94,,18,
2900,100,,86,
2901,25,,41,
2902,67,,65,
2903,84,,100,
2904,32,,55,
2905,70,,57,
2906,56,,77,
2907,67,,54,
2908,65,,48,
2909,81,,93,
2910,68,,58,
2911,78,,63,
2912,80,,43,
2913,39,,21,
2914,82,,37,
2915,66,,66,
2916,33,,54,
2917,43,,13,
2918,66,,62,
2919,80,,100,
2920,58,,53,
2921,89,,81,
2922,64,,79,
2923,76,,71,
2924,66,,78,
2925,66,,94,
2926,32,,50,
2927,52,,38,
2928,63,,39,
2929,73,,85,
2930,78,,69,
2931,58,,82,
2932,48,,53,
2933,26,,77,
2934,19,,17,
2935,39,,73,
2936,70,,91,
2937,89,,87,
2938,41,,82,
2939,64,,40,
2940,86,,87,
2941,69,,71,
2942,53,,36,
2943,44,,49,
2944,65,,78,
2945,64,,68,
2946,40,,31,
2947,52,,96,
2948,44,,69,
2949,68,,87,
2950,75,,100,
2951,40,,47,
2952,64,,45,
2953,67,,23,
2954,74,,82,
2955,76,,79,
2956,81,,95,
2957,43,,39,
2958,62,,51,
2959,41,,87,
2960,76,,87,
2961,69,,78,
2962,49,,48,
2963,60,,81,
2964,24,,44,
2965,61,,46,
2966,71,,76,
2967,-1,,44,
2968,34,,84,
2969,79,,100,
2970,86,,38,
2971,70,,69,
2972,74,,60,
2973,40,,69,
2974,46,,51,
2975,75,,94,
2976,67,,67,
2977,82,,99,
2978,57,,76,
2979,82,,102,
2980,84,,89,
2981,79,,93,
2982,59,,37,
2983,56,,70,
2984,65,,38,
2985,38,,57,
2986,54,,79,
2987,50,,88,
2988,43,,11,
2989,42,,68,
2990,55,,86,
2991,63,,54,
2992,90,,93,
2993,72,,77,
2994,28,,33,
2995,79,,85,
2996,75,,98,
2997,23,,50,
2998,37,,46,
2999,16,,40,
3000,70,,77,
3001,58,,34,
3002,67,,39,
3003,38,,57,
3004,45,,35,
3005,77,,93,
3006,61,,52,
3007,32,,-1,
3008,50,,66,
3009,55,,55,
3010,40,,50,
3011,52,,69,
3012,75,,98,
3013,53,,81,
3014,62,,90,
3015,58,,79,
3016,48,,45,
3017,26,,-2,
3018,44,,46,
3019,75,,60,
3020,58,,35,
3021,23,,26,
3022,48,,85,
3023,49,,16,
3024,74,,66,
3025,85,,92,
3026,79,,35,
3027,82,,59,
3028,37,,89,
3029,59,,79,
3030,70,,86,
3031,45,,41,
3032,80,,33,
3033,73,,100,
3034,69,,81,
3035,57,,16,
3036,83,,90,
3037,71,,58,
3038,62,,52,
3039,54,,20,
3040,38,,86,
3041,84,,100,
3042,57,,52,
3043,46,,64,
3044,50,,69,
3045,88,,-1,
3046,91,,90,
3047,62,,66,
3048,77,,55,
3049,40,,56,
3050,77,,50,
3051,73,,87,
3052,66,,56,
3053,82,,94,
3054,33,,28,
3055,85,,100,
3056,68,,24,
3057,49,,11,
3058,29,,63,
3059,51,,41,
3060,77,,65,
3061,67,,53,
3062,56,,87,
3063,36,,9,
3064,56,,69,
3065,87,,84,
3066,85,,90,
3067,89,,92,
3068,89,,72,
3069,76,,72,
3070,61,,67,
3071,50,,76,
3072,32,,17,
3073,30,,87,
3074,92,,96,
3075,73,,57,
3076,76,,65,
3077,43,,32,
3078,75,,38,
3079,58,,50,
3080,52,,58,
3081,57,,62,
3082,40,,65,
3083,65,,78,
3084,74,,95,
3085,80,,96,
3086,78,,77,
3087,88,,96,
3088,80,,34,
3089,72,,94,
3090,35,,40,
3091,35,,55,
3092,51,,77,
3093,86,,96,
3094,26,,33,
3095,36,,45,
3096,58,,76,
3097,72,,37,
3098,61,,57,
3099,89,,99,
3100,63,,77,
3101,19,,59,
3102,84,,83,
3103,63,,54,
3104,80,,85,
3105,32,,28,
3106,90,,99,
3107,67,,20,
3108,45,,38,
3109,67,,42,
3110,65,,80,
3111,61,,64,
3112,69,,87,
3113,56,,80,
3114,35,,57,
3115,85,,87,
3116,72,,89,
3117,60,,78,
3118,74,,81,
3119,49,,55,
3120,52,,70,
3121,85,,84,
3122,60,,29,
3123,92,,-2,
3124,71,,19,
3125,17,,-1,
3126,65,,44,
3127,90,,99,
3128,28,,28,
3129,66,,67,
3130,55,,35,
3131,97,,99,
3132,80,,79,
3133,74,,58,
3134,81,,92,
3135,58,,70,
3136,82,,93,
3137,44,,87,
3138,45,,63,
3139,43,,69,
3140,94,,87,
3141,53,,58,
3142,62,,96,
3143,66,,90,
3144,71,,86,
3145,50,,59,
3146,69,,68,
3147,53,,13,
3148,87,,92,
3149,95,,77,
3150,73,,90,
3151,74,,62,
3152,58,,70,
3153,74,,75,
3154,70,,86,
3155,60,,82,
3156,99,,54,
3157,46,,54,
3158,23,,57,
3159,72,,73,
3160,85,,79,
3161,55,,57,
3162,61,,67,
3163,48,,14,
3164,41,,40,
3165,87,,88,
3166,45,,23,
3167,57,,101,
3168,84,,97,
3169,67,,12,
3170,54,,37,
3171,64,,86,
3172,71,,76,
3173,36,,90,
3174,38,,32,
3175,66,,24,
3176,82,,78,
3177,26,,34,
3178,25,,42,
3179,67,,76,
3180,78,,71,
3181,54,,26,
3182,87,,93,
3183,61,,77,
3184,60,,85,
3185,39,,17,
3186,74,,93,
3187,51,,-3,
3188,73,,58,
3189,54,,83,
3190,41,,72,
3191,58,,61,
3192,71,,71,
3193,44,,22,
3194,88,,68,
3195,26,,17,
3196,60,,79,
3197,33,,60,
3198,77,,43,
3199,77,,81,
3200,56,,45,
3201,79,,77,
3202,98,,100,
3203,89,,101,
3204,70,,97,
3205,52,,62,
3206,58,,66,
3207,53,,14,
3208,71,,57,
3209,59,,89,
3210,29,,17,
3211,73,,36,
3212,60,,49,
3213,56,,55,
3214,58,,26,
3215,90,,86,
3216,86,,94,
3217,84,,95,
3218,75,,83,
3219,25,,67,
3220,54,,20,
3221,40,,34,
3222,64,,65,
3223,48,,64,
3224,58,,32,
3225,81,,96,
3226,83,,94,
3227,73,,63,
3228,84,,91,
3229,81,,49,
3230,40,,65,
3231,88,,90,
3232,83,,97,
3233,56,,57,
3234,79,,84,
3235,60,,44,
3236,70,,91,
3237,51,,60,
3238,76,,79,
3239,70,,62,
3240,42,,47,
3241,79,,83,
3242,69,,62,
3243,60,,39,
3244,76,,88,
3245,87,,94,
3246,52,,33,
3247,52,,61,
3248,42,,20,
3249,30,,35,
3250,77,,81,
3251,48,,33,
3252,54,,3,
3253,91,,101,
3254,55,,82,
3255,39,,36,
3256,35,,27,
3257,78,,95,
3258,51,,51,
3259,23,,38,
3260,70,,98,
3261,44,,35,
3262,53,,48,
3263,48,,80,
3264,66,,53,
3265,59,,46,
3266,78,,98,
3267,69,,48,
3268,45,,45,
3269,59,,93,
3270,33,,1,
3271,66,,91,
3272,49,,81,
3273,16,,13,
3274,39,,34,
3275,44,,58,
3276,49,,82,
3277,69,,81,
3278,59,,63,
3279,50,,15,
3280,14,,15,
3281,63,,88,
3282,78,,101,
3283,77,,96,
3284,85,,98,
3285,69,,66,
3286,38,,52,
3287,37,,61,
3288,16,,12,
3289,16,,6,
3290,49,,44,
3291,84,,63,
3292,72,,72,
3293,46,,63,
3294,57,,30,
3295,86,,78,
3296,26,,23,
3297,57,,77,
3298,61,,53,
3299,49,,52,
3300,70,,68,
3301,88,,82,
3302,51,,89,
3303,77,,93,
3304,86,,69,
3305,49,,61,
3306,87,,72,
3307,52,,73,
3308,66,,43,
3309,88,,91,
3310,63,,76,
3311,54,,36,
3312,73,,56,
3313,43,,66,
3314,73,,56,
3315,62,,72,
3316,52,,82,
3317,45,,68,
3318,39,,29,
3319,76,,83,
3320,59,,70,
3321,40,,23,
3322,77,,71,
3323,53,,92,
3324,81,,78,
3325,40,,53,
3326,86,,95,
3327,89,,93,
3328,70,,72,
3329,68,,63,
3330,61,,23,
3331,73,,73,
3332,80,,84,
3333,90,,94,
3334,85,,96,
3335,43,,20,
3336,50,,42,
3337,70,,65,
3338,48,,43,
3339,35,,60,
3340,56,,60,
3341,60,,64,
3342,44,,70,
3343,94,,95,
3344,61,,72,
3345,59,,60,
3346,26,,2,
3347,59,,78,
3348,57,,54,
3349,91,,94,
3350,40,,60,
3351,77,,82,
3352,42,,17,
3353,88,,100,
3354,44,,24,
3355,80,,72,
3356,85,,94,
3357,50,,80,
3358,87,,19,
3359,80,,100,
3360,65,,78,
3361,68,,85,
3362,78,,97,
3363,37,,44,
3364,25,,15,
3365,59,,79,
3366,29,,13,
3367,49,,43,
3368,36,,40,
3369,42,,80,
3370,26,,38,
3371,53,,92,
3372,27,,25,
3373,42,,18,
3374,81,,102,
3375,32,,41,
3376,63,,59,
3377,77,,76,
3378,43,,6,
3379,72,,75,
3380,54,,57,
3381,70,,26,
3382,68,,29,
3383,57,,16,
3384,87,,95,
3385,49,,21,
3386,40,,31,
3387,76,,51,
3388,87,,100,
3389,59,,83,
3390,83,,77,
3391,77,,28,
3392,66,,31,
3393,83,,80,
3394,88,,77,
3395,73,,51,
3396,66,,37,
3397,53,,68,
3398,61,,31,
3399,95,,100,
3400,67,,89,
3401,85,,67,
3402,54,,90,
3403,63,,82,
3404,80,,84,
3405,60,,62,
3406,15,,10,
3407,43,,41,
3408,45,,25,
3409,59,,69,
3410,52,,14,
3411,57,,37,
3412,50,,77,
3413,47,,74,
3414,54,,57,
3415,65,,79,
3416,91,,101,
3417,24,,56,
3418,83,,90,
3419,62,,53,
3420,84,,44,
3421,86,,76,
3422,22,,63,
3423,63,,90,
3424,68,,80,
3425,55,,60,
3426,66,,78,
3427,23,,26,
3428,53,,56,
3429,53,,48,
3430,53,,40,
3431,100,,100,
3432,57,,49,
3433,86,,90,
3434,92,,94,
3435,31,,17,
3436,80,,63,
3437,48,,59,
3438,32,,62,
3439,41,,44,
3440,41,,62,
3441,85,,80,
3442,99,,53,
3443,87,,97,
3444,37,,52,
3445,100,,101,
3446,51,,85,
3447,60,,33,
3448,46,,30,
3449,44,,16,
3450,84,,98,
3451,83,,100,
3452,68,,20,
3453,46,,90,
3454,50,,101,
3455,59,,69,
3456,30,,50,
3457,48,,55,
3458,83,,100,
3459,91,,100,
3460,68,,80,
3461,34,,8,
3462,44,,72,
3463,47,,51,
3464,66,,97,
3465,44,,61,
3466,80,,45,
3467,61,,101,
3468,34,,87,
3469,66,,50,
3470,69,,92,
3471,29,,-1,
3472,71,,68,
3473,42,,44,
3474,28,,43,
3475,42,,71,
3476,83,,84,
3477,43,,19,
3478,65,,56,
3479,86,,82,
3480,71,,87,
3481,71,,86,
3482,37,,91,
3483,89,,100,
3484,48,,58,
3485,70,,57,
3486,78,,54,
3487,63,,93,
3488,51,,77,
3489,40,,40,
3490,62,,84,
3491,69,,63,
3492,70,,93,
3493,35,,19,
3494,76,,86,
3495,82,,90,
3496,74,,41,
3497,66,,17,
3498,80,,99,
3499,52,,69,
3500,63,,62,
3501,65,,55,
3502,60,,52,
3503,80,,91,
3504,89,,75,
3505,95,,86,
3506,34,,29,
3507,60,,63,
3508,75,,90,
3509,64,,80,
3510,88,,104,
3511,54,,25,
3512,95,,82,
3513,64,,89,
3514,79,,83,
3515,54,,42,
3516,67,,88,
3517,79,,64,
3518,68,,57,
3519,81,,67,
3520,70,,91,
3521,45,,38,
3522,39,,49,
3523,37,,67,
3524,89,,97,
3525,66,,60,
3526,86,,86,
3527,73,,40,
3528,47,,85,
3529,19,,49,
3530,70,,60,
3531,47,,52,
3532,54,,18,
3533,72,,69,
3534,71,,87,
3535,77,,89,
3536,16,,19,
3537,69,,48,
3538,64,,53,
3539,55,,78,
3540,38,,46,
3541,75,,77,
3542,88,,94,
3543,66,,91,
3544,35,,45,
3545,95,,98,
3546,70,,86,
3547,62,,68,
3548,70,,89,
3549,62,,79,
3550,94,,34,
3551,20,,17,
3552,62,,54,
3553,75,,67,
3554,78,,91,
3555,88,,81,
3556,89,,101,
3557,65,,37,
3558,61,,72,
3559,68,,59,
3560,60,,72,
3561,64,,36,
3562,37,,22,
3563,54,,14,
3564,93,,87,
3565,16,,-1,
3566,72,,67,
3567,73,,72,
3568,81,,90,
3569,62,,43,
3570,55,,74,
3571,80,,83,
3572,82,,82,
3573,69,,77,
3574,79,,79,
3575,61,,83,
3576,69,,101,
3577,65,,54,
3578,30,,24,
3579,17,,57,
3580,64,,53,
3581,33,,-1,
3582,92,,90,
3583,55,,51,
3584,89,,100,
3585,46,,39,
3586,60,,29,
3587,42,,46,
3588,67,,72,
3589,75,,37,
3590,73,,87,
3591,38,,24,
3592,53,,41,
3593,86,,88,
3594,59,,63,
3595,76,,69,
3596,30,,9,
3597,56,,33,
3598,67,,80,
3599,76,,72,
3600,83,,84,
3601,88,,77,
3602,56,,100,
3603,19,,39,
3604,77,,95,
3605,68,,64,
3606,76,,88,
3607,89,,94,
3608,56,,61,
3609,73,,101,
3610,56,,73,
3611,60,,101,
3612,36,,42,
3613,77,,87,
3614,78,,95,
3615,82,,97,
3616,92,,19,
3617,94,,77,
3618,77,,100,
3619,48,,21,
3620,75,,85,
3621,87,,88,
3622,67,,72,
3623,65,,69,
3624,26,,18,
3625,70,,40,
3626,65,,69,
3627,62,,66,
3628,90,,22,
3629,70,,20,
3630,47,,50,
3631,52,,39,
3632,78,,80,
3633,31,,28,
3634,54,,63,
3635,39,,40,
3636,51,,37,
3637,50,,78,
3638,69,,33,
3639,81,,90,
3640,83,,85,
3641,68,,73,
3642,62,,41,
3643,33,,36,
3644,88,,91,
3645,66,,86,
3646,69,,77,
3647,36,,43,
3648,45,,40,
3649,73,,80,
3650,66,,78,
3651,65,,31,
3652,42,,8,
3653,47,,25,
3654,78,,92,
3655,42,,10,
3656,70,,53,
3657,88,,92,
3658,87,,68,
3659,83,,75,
3660,39,,85,
3661,39,,68,
3662,47,,43,
3663,65,,51,
3664,69,,94,
3665,67,,83,
3666,51,,76,
3667,73,,81,
3668,78,,68,
3669,85,,100,
3670,28,,53,
3671,77,,14,
3672,37,,16,
3673,44,,16,
3674,78,,93,
3675,100,,32,
3676,52,,21,
3677,54,,40,
3678,52,,59,
3679,45,,58,
3680,57,,79,
3681,70,,20,
3682,95,,69,
3683,38,,36,
3684,86,,76,
3685,74,,93,
3686,33,,97,
3687,41,,26,
3688,85,,94,
3689,85,,94,
3690,62,,58,
3691,54,,59,
3692,28,,40,
3693,62,,70,
3694,35,,23,
3695,75,,57,
3696,38,,42,
3697,16,,23,
3698,72,,79,
3699,59,,66,
3700,76,,11,
3701,58,,92,
3702,39,,40,
3703,43,,54,
3704,96,,8,
3705,35,,24,
3706,53,,30,
3707,47,,55,
3708,70,,88,
3709,50,,80,
3710,43,,36,
3711,35,,61,
3712,48,,49,
3713,90,,97,
3714,20,,44,
3715,61,,70,
3716,86,,73,
3717,44,,29,
3718,62,,68,
3719,55,,81,
3720,94,,100,
3721,71,,91,
3722,44,,55,
3723,7,,-2,
3724,80,,70,
3725,87,,95,
3726,71,,70,
3727,67,,87,
3728,86,,81,
3729,47,,46,
3730,74,,57,
3731,50,,50,
3732,50,,68,
3733,69,,82,
3734,18,,60,
3735,17,,6,
3736,81,,67,
3737,44,,67,
3738,34,,11,
3739,56,,63,
3740,83,,96,
3741,58,,68,
3742,42,,56,
3743,48,,16,
3744,90,,92,
3745,12,,24,
3746,47,,9,
3747,34,,40,
3748,81,,97,
3749,56,,74,
3750,32,,40,
3751,70,,69,
3752,51,,71,
3753,57,,44,
3754,65,,42,
3755,59,,19,
3756,80,,86,
3757,59,,39,
3758,65,,99,
3759,75,,79,
3760,62,,80,
3761,78,,88,
3762,45,,-2,
3763,62,,76,
3764,46,,50,
3765,75,,94,
3766,60,,100,
3767,46,,48,
3768,60,,84,
3769,36,,10,
3770,70,,54,
3771,58,,61,
3772,58,,89,
3773,69,,84,
3774,56,,80,
3775,90,,83,
3776,63,,76,
3777,37,,94,
3778,40,,56,
3779,43,,57,
3780,66,,87,
3781,47,,12,
3782,42,,64,
3783,76,,79,
3784,69,,62,
3785,56,,48,
3786,69,,91,
3787,57,,71,
3788,89,,100,
3789,53,,61,
3790,81,,64,
3791,56,,34,
3792,78,,86,
3793,91,,91,
3794,81,,91,
3795,69,,74,
3796,18,,3,
3797,89,,90,
3798,60,,77,
3799,79,,57,
3800,52,,61,
3801,58,,66,
3802,88,,64,
3803,66,,44,
3804,85,,94,
3805,86,,100,
3806,56,,46,
3807,53,,62,
3808,49,,43,
3809,65,,69,
3810,59,,63,
3811,50,,43,
3812,61,,72,
3813,47,,64,
3814,45,,64,
3815,81,,79,
3816,76,,95,
3817,65,,62,
3818,30,,47,
3819,34,,41,
3820,58,,71,
3821,70,,79,
3822,70,,58,
3823,64,,88,
3824,43,,27,
3825,50,,19,
3826,83,,99,
3827,45,,91,
3828,39,,43,
3829,19,,-1,
3830,102,,67,
3831,94,,76,
3832,62,,92,
3833,49,,50,
3834,29,,7,
3835,33,,20,
3836,84,,92,
3837,85,,99,
3838,71,,89,
3839,100,,96,
3840,58,,96,
3841,42,,38,
3842,69,,53,
3843,50,,65,
3844,71,,91,
3845,65,,30,
3846,77,,78,
3847,63,,70,
3848,98,,102,
3849,65,,66,
3850,66,,91,
3851,85,,61,
3852,82,,73,
3853,76,,98,
3854,57,,29,
3855,84,,87,
3856,50,,82,
3857,59,,67,
3858,52,,44,
3859,57,,12,
3860,67,,84,
3861,84,,55,
3862,76,,88,
3863,50,,90,
3864,31,,31,
3865,55,,26,
3866,60,,44,
3867,41,,72,
3868,62,,76,
3869,71,,64,
3870,45,,31,
3871,46,,60,
3872,86,,17,
3873,59,,71,
3874,36,,12,
3875,73,,52,
3876,41,,28,
3877,25,,35,
3878,91,,33,
3879,70,,32,
3880,60,,87,
3881,73,,42,
3882,79,,85,
3883,53,,44,
3884,58,,50,
3885,69,,84,
3886,84,,77,
3887,63,,65,
3888,65,,78,
3889,93,,75,
3890,29,,50,
3891,73,,81,
3892,44,,35,
3893,41,,77,
3894,14,,26,
3895,74,,97,
3896,50,,17,
3897,57,,41,
3898,59,,82,
3899,86,,89,
3900,38,,58,
3901,62,,91,
3902,51,,16,
3903,58,,53,
3904,34,,56,
3905,77,,86,
3906,74,,91,
3907,46,,93,
3908,38,,67,
3909,81,,74,
3910,70,,99,
3911,47,,38,
3912,96,,95,
3913,69,,94,
3914,36,,8,
3915,44,,34,
3916,74,,74,
3917,23,,53,
3918,70,,83,
3919,60,,22,
3920,53,,74,
3921,79,,89,
3922,34,,67,
3923,55,,70,
3924,59,,45,
3925,38,,30,
3926,69,,70,
3927,39,,2,
3928,76,,59,
3929,63,,52,
3930,69,,77,
3931,28,,38,
3932,74,,58,
3933,83,,98,
3934,52,,81,
3935,56,,74,
3936,37,,46,
3937,30,,7,
3938,-2,,60,
3939,52,,77,
3940,93,,94,
3941,83,,63,
3942,28,,66,
3943,86,,86,
3944,53,,14,
3945,70,,81,
3946,37,,63,
3947,80,,84,
3948,100,,92,
3949,64,,79,
3950,73,,78,
3951,59,,89,
3952,83,,88,
3953,57,,60,
3954,59,,59,
3955,72,,88,
3956,74,,53,
3957,65,,18,
3958,75,,67,
3959,79,,83,
3960,83,,101,
3961,42,,23,
3962,58,,36,
3963,62,,101,
3964,45,,42,
3965,50,,60,
3966,34,,38,
3967,78,,82,
3968,57,,70,
3969,76,,85,
3970,40,,51,
3971,64,,92,
3972,27,,7,
3973,37,,27,
3974,77,,49,
3975,76,,72,
3976,63,,76,
3977,62,,93,
3978,86,,83,
3979,55,,80,
3980,27,,80,
3981,77,,89,
3982,38,,58,
3983,42,,47,
3984,84,,59,
3985,60,,90,
3986,21,,36,
3987,65,,81,
3988,71,,69,
3989,67,,100,
3990,58,,74,
3991,51,,41,
3992,60,,63,
3993,83,,91,
3994,81,,85,
3995,86,,60,
3996,65,,85,
3997,97,,17,
3998,47,,97,
3999,53,,48,
4000,67,,70,
4001,70,,72,
4002,74,,93,
4003,9,,-1,
4004,71,,84,
4005,59,,67,
4006,22,,4,
4007,53,,38,
4008,86,,88,
4009,52,,58,
4010,83,,96,
4011,81,,96,
4012,70,,86,
4013,82,,89,
4014,81,,85,
4015,36,,38,
4016,88,,90,
4017,25,,20,
4018,67,,51,
4019,73,,92,
4020,59,,79,
4021,87,,91,
4022,47,,88,
4023,66,,58,
4024,45,,63,
4025,57,,80,
4026,60,,22,
4027,48,,41,
4028,99,,80,
4029,52,,28,
4030,95,,97,
4031,45,,45,
4032,80,,81,
4033,43,,48,
4034,67,,69,
4035,63,,36,
4036,71,,92,
4037,80,,100,
4038,47,,8,
4039,20,,54,
4040,86,,84,
4041,47,,66,
4042,72,,79,
4043,26,,26,
4044,52,,74,
4045,60,,74,
4046,32,,44,
4047,78,,65,
4048,84,,92,
4049,77,,96,
4050,66,,77,
4051,72,,98,
4052,51,,54,
4053,52,,57,
4054,83,,18,
4055,67,,24,
4056,37,,17,
4057,64,,41,
4058,42,,63,
4059,40,,63,
4060,53,,13,
4061,85,,93,
4062,64,,80,
4063,59,,71,
4064,65,,31,
4065,71,,83,
4066,73,,43,
4067,60,,28,
4068,46,,87,
4069,43,,18,
4070,60,,33,
4071,74,,75,
4072,55,,23,
4073,44,,51,
4074,53,,54,
4075,50,,66,
4076,50,,40,
4077,28,,14,
4078,55,,64,
4079,77,,84,
4080,58,,39,
4081,65,,69,
4082,61,,70,
4083,48,,45,
4084,78,,71,
4085,56,,62,
4086,48,,72,
4087,32,,101,
4088,30,,19,
4089,62,,76,
4090,97,,89,
4091,62,,85,
4092,66,,58,
4093,88,,88,
4094,44,,23,
4095,41,,76,
4096,58,,80,
4097,35,,38,
4098,49,,27,
4099,67,,78,
4100,35,,74,
4101,73,,60,
4102,70,,91,
4103,67,,48,
4104,86,,80,
4105,38,,28,
4106,69,,63,
4107,83,,92,
4108,50,,28,
4109,68,,26,
4110,84,,87,
4111,59,,39,
4112,49,,56,
4113,44,,30,
4114,56,,31,
4115,62,,68,
4116,50,,67,
4117,57,,75,
4118,71,,57,
4119,42,,19,
4120,32,,46,
4121,80,,78,
4122,58,,64,
4123,63,,51,
4124,44,,45,
4125,66,,66,
4126,67,,46,
4127,68,,35,
4128,60,,38,
4129,90,,45,
4130,67,,87,
4131,92,,100,
4132,20,,54,
4133,43,,24,
4134,80,,100,
4135,72,,76,
4136,28,,34,
4137,44,,89,
4138,81,,85,
4139,28,,22,
4140,75,,90,
4141,31,,53,
4142,67,,59,
4143,50,,77,
4144,51,,78,
4145,76,,86,
4146,77,,80,
4147,81,,82,
4148,47,,70,
4149,84,,66,
4150,58,,70,
4151,48,,81,
4152,54,,69,
4153,56,,58,
4154,88,,84,
4155,53,,35,
4156,46,,31,
4157,19,,7,
4158,57,,52,
4159,91,,74,
4160,72,,77,
4161,56,,91,
4162,69,,75,
4163,61,,85,
4164,66,,79,
4165,85,,55,
4166,73,,61,
4167,88,,87,
4168,81,,82,
4169,78,,84,
4170,73,,73,
4171,80,,39,
4172,80,,67,
4173,61,,46,
4174,61,,65,
4175,53,,41,
4176,81,,97,
4177,80,,82,
4178,71,,91,
4179,85,,80,
4180,48,,47,
4181,57,,15,
4182,79,,74,
4183,64,,65,
4184,66,,63,
4185,74,,90,
4186,88,,89,
4187,84,,90,
4188,79,,94,
4189,80,,101,
4190,64,,57,
4191,87,,77,
4192,68,,47,
4193,51,,47,
4194,85,,93,
4195,80,,79,
4196,84,,78,
4197,59,,72,
4198,77,,90,
4199,53,,80,
4200,74,,89,
4201,85,,91,
4202,88,,85,
4203,75,,79,
4204,69,,88,
4205,20,,-1,
4206,62,,50,
4207,58,,92,
4208,39,,19,
4209,51,,54,
4210,78,,88,
4211,71,,70,
4212,89,,95,
4213,68,,90,
4214,71,,96,
4215,87,,67,
4216,86,,88,
4217,93,,100,
4218,67,,98,
4219,86,,100,
4220,61,,65,
4221,49,,72,
4222,22,,11,
4223,53,,66,
4224,47,,18,
4225,80,,90,
4226,68,,24,
4227,10,,0,
4228,48,,42,
4229,15,,5,
4230,31,,34,
4231,32,,16,
4232,45,,61,
4233,54,,53,
4234,39,,45,
4235,57,,47,
4236,39,,32,
4237,41,,10,
4238,78,,72,
4239,56,,59,
4240,73,,85,
4241,25,,2,
4242,59,,82,
4243,77,,85,
4244,38,,79,
4245,75,,83,
4246,86,,75,
4247,89,,97,
4248,75,,89,
4249,43,,37,
4250,55,,55,
4251,67,,54,
4252,37,,96,
4253,75,,91,
4254,82,,82,
4255,54,,49,
4256,30,,51,
4257,24,,32,
4258,28,,28,
4259,70,,65,
4260,59,,64,
4261,85,,100,
4262,30,,48,
4263,39,,51,
4264,72,,97,
4265,70,,70,
4266,59,,101,
4267,53,,51,
4268,77,,87,
4269,40,,76,
4270,71,,87,
4271,33,,50,
4272,76,,81,
4273,88,,96,
4274,46,,13,
4275,72,,80,
4276,73,,72,
4277,46,,49,
4278,69,,69,
4279,13,,18,
4280,38,,55,
4281,45,,40,
4282,88,,96,
4283,36,,17,
4284,75,,89,
4285,76,,100,
4286,70,,80,
4287,30,,44,
4288,73,,63,
4289,67,,67,
4290,33,,51,
4291,41,,19,
4292,91,,101,
4293,50,,50,
4294,57,,38,
4295,61,,-1,
4296,36,,42,
4297,58,,72,
4298,64,,84,
4299,66,,96,
4300,50,,68,
4301,47,,68,
4302,55,,53,
4303,53,,49,
4304,31,,25,
4305,74,,47,
4306,67,,49,
4307,37,,15,
4308,85,,71,
4309,78,,76,
4310,52,,31,
4311,69,,68,
4312,85,,92,
4313,78,,90,
4314,85,,62,
4315,58,,82,
4316,56,,25,
4317,62,,81,
4318,76,,88,
4319,62,,83,
4320,56,,81,
4321,68,,94,
4322,38,,58,
4323,51,,74,
4324,78,,97,
4325,46,,75,
4326,83,,91,
4327,90,,93,
4328,83,,56,
4329,80,,60,
4330,76,,78,
4331,54,,71,
4332,50,,46,
4333,48,,64,
4334,51,,20,
4335,39,,68,
4336,69,,93,
4337,51,,59,
4338,55,,43,
4339,33,,40,
4340,89,,68,
4341,83,,93,
4342,55,,66,
4343,64,,72,
4344,54,,52,
4345,53,,55,
4346,87,,102,
4347,79,,85,
4348,50,,51,
4349,82,,93,
4350,18,,71,
4351,42,,29,
4352,46,,59,
4353,64,,78,
4354,75,,96,
4355,79,,70,
4356,59,,63,
4357,70,,79,
4358,67,,86,
4359,75,,40,
4360,83,,95,
4361,57,,77,
4362,41,,60,
4363,65,,60,
4364,69,,39,
4365,81,,95,
4366,48,,66,
4367,85,,87,
4368,65,,34,
4369,84,,89,
4370,68,,76,
4371,40,,41,
4372,66,,65,
4373,23,,11,
4374,37,,6,
4375,53,,70,
4376,50,,31,
4377,53,,39,
4378,58,,95,
4379,83,,86,
4380,87,,88,
4381,69,,84,
4382,74,,73,
4383,69,,70,
4384,28,,29,
4385,91,,97,
4386,84,,94,
4387,61,,78,
4388,52,,64,
4389,26,,2,
4390,68,,24,
4391,28,,17,
4392,57,,39,
4393,80,,95,
4394,66,,56,
4395,84,,93,
4396,81,,87,
4397,39,,40,
4398,42,,59,
4399,77,,94,
4400,33,,2,
4401,69,,93,
4402,78,,76,
4403,79,,79,
4404,60,,46,
4405,56,,83,
4406,77,,55,
4407,87,,52,
4408,38,,46,
4409,41,,61,
4410,55,,24,
4411,49,,36,
4412,83,,83,
4413,27,,83,
4414,95,,88,
4415,36,,38,
4416,96,,67,
4417,76,,63,
4418,86,,26,
4419,45,,84,
4420,56,,93,
4421,52,,68,
4422,84,,52,
4423,75,,91,
4424,33,,46,
4425,91,,94,
4426,41,,67,
4427,61,,70,
4428,73,,88,
4429,55,,59,
4430,64,,61,
4431,51,,57,
4432,49,,91,
4433,57,,40,
4434,75,,89,
4435,66,,72,
4436,62,,77,
4437,61,,45,
4438,52,,84,
4439,68,,66,
4440,32,,16,
4441,36,,43,
4442,52,,60,
4443,41,,62,
4444,59,,81,
4445,22,,69,
4446,68,,74,
4447,75,,96,
4448,20,,41,
4449,42,,38,
4450,25,,70,
4451,26,,27,
4452,71,,81,
4453,53,,72,
4454,18,,4,
4455,66,,87,
4456,83,,101,
4457,85,,95,
4458,60,,15,
4459,73,,100,
4460,74,,58,
4461,98,,62,
4462,80,,100,
4463,50,,63,
4464,62,,85,
4465,88,,83,
4466,71,,89,
4467,96,,29,
4468,82,,95,
4469,36,,59,
4470,54,,39,
4471,24,,32,
4472,65,,63,
4473,38,,81,
4474,80,,92,
4475,42,,47,
4476,89,,90,
4477,82,,93,
4478,83,,80,
4479,66,,100,
4480,62,,78,
4481,90,,97,
4482,72,,58,
4483,60,,94,
4484,87,,80,
4485,71,,77,
4486,71,,89,
4487,23,,27,
4488,86,,86,
4489,27,,50,
4490,28,,50,
4491,77,,82,
4492,33,,85,
4493,63,,66,
4494,60,,79,
4495,69,,58,
4496,84,,90,
4497,76,,88,
4498,59,,71,
4499,73,,92,
4500,82,,97,
4501,63,,54,
4502,82,,89,
4503,75,,78,
4504,93,,97,
4505,48,,66,
4506,59,,56,
4507,31,,19,
4508,59,,8,
4509,78,,77,
4510,64,,79,
4511,68,,43,
4512,75,,100,
4513,67,,89,
4514,68,,76,
4515,72,,84,
4516,43,,-2,
4517,58,,97,
4518,66,,92,
4519,74,,72,
4520,85,,87,
4521,46,,39,
4522,66,,54,
4523,29,,28,
4524,62,,86,
4525,51,,45,
4526,76,,86,
4527,72,,72,
4528,81,,100,
4529,67,,82,
4530,61,,17,
4531,65,,56,
4532,73,,91,
4533,67,,40,
4534,64,,64,
4535,50,,35,
4536,13,,18,
4537,82,,93,
4538,39,,61,
4539,39,,60,
4540,90,,100,
4541,29,,12,
4542,83,,78,
4543,98,,92,
4544,55,,33,
4545,54,,45,
4546,80,,83,
4547,46,,35,
4548,44,,69,
4549,80,,40,
4550,60,,29,
4551,47,,-1,
4552,65,,93,
4553,59,,87,
4554,66,,56,
4555,56,,54,
4556,70,,89,
4557,72,,66,
4558,60,,67,
4559,70,,71,
4560,72,,69,
4561,44,,21,
4562,76,,90,
4563,76,,97,
4564,64,,70,
4565,52,,38,
4566,56,,18,
4567,83,,81,
4568,82,,72,
4569,41,,36,
4570,47,,54,
4571,68,,77,
4572,20,,17,
4573,66,,85,
4574,22,,59,
4575,42,,38,
4576,81,,96,
4577,27,,32,
4578,81,,76,
4579,79,,82,
4580,56,,37,
4581,84,,15,
4582,64,,48,
4583,51,,71,
4584,43,,67,
4585,49,,46,
4586,43,,12,
4587,36,,40,
4588,41,,-2,
4589,75,,80,
4590,91,,68,
4591,61,,76,
4592,57,,76,
4593,63,,86,
4594,80,,83,
4595,56,,20,
4596,70,,41,
4597,51,,81,
4598,17,,11,
4599,71,,17,
4600,74,,64,
4601,32,,0,
4602,63,,86,
4603,64,,52,
4604,89,,94,
4605,69,,64,
4606,40,,86,
4607,73,,60,
4608,57,,92,
4609,28,,28,
4610,66,,62,
4611,66,,47,
4612,34,,51,
4613,22,,27,
